type,id,name,cp,year_10143,year_09019,year_10148_BISM,year_10148_DA,year_10148_ESD,year_10148_ID,year_10148_NC,year_09119_BISM,year_09119_IDA,year_09119_NC,year_09119_ESDA,year_09119_AIDA,year_09119_MA,year_09119_ORA,year_09119_SA,year_09119_CPA,year_04295_IT,year_04297_ITA,year_04296_ITE,year_04271_ME,year_04222_ID,year_04234_IDE,year_04160_MSI,year_04224_MSIE,year_04273_MEME,year_04423_MAV,year_04406_MT,year_04404_MPP,year_04401_MISE,year_04402_MISA,year_04405_MIS
cbk,90417,Switzerland Language and Culture,32,,,,,,,,,,,,,,,,,,,,,,,,,,,,,,,
cbk,90480,Chinese Language and Culture,32,,,,,,,,,,,,,,,,,,,,,,,,,,,,,,,
cbk,90481,Japanese Language and Culture,32,,,,,,,,,,,,,,,,,,,,,,,,,,,,,,,
cbk,90483,French Language and Culture,32,,,,,,,,,,,,,,,,,,,,,,,,,,,,,,,
cbk,90484,Spanish Language and Culture,32,,,,,,,,,,,,,,,,,,,,,,,,,,,,,,,
cbk,90485,German Language and Culture,32,,,,,,,,,,,,,,,,,,,,,,,,,,,,,,,
cbk,90486,Italian Language and Culture,32,,,,,,,,,,,,,,,,,,,,,,,,,,,,,,,
cbk,90005,Country major choice,96,,,,,,,,,,,,,,,,,,,,,,,,,,,,,,,
cbk,90169,Major Choice (Business),48,,,,,,,,,,,,,,,,,,,,,,,,,,,,,,,
cbk,90304,Electives,24,,,,,,,,,,,,,,,,,,,,,,,,,,,,,,,
cbk,90418,Bilingual Language and Culture (Switzerland),32,,,,,,,,,,,,,,,,,,,,,,,,,,,,,,,
cbk,90487,Chinese Language and Culture,16,,,,,,,,,,,,,,,,,,,,,,,,,,,,,,,
cbk,90488,Japanese Language and Culture,16,,,,,,,,,,,,,,,,,,,,,,,,,,,,,,,
cbk,90490,French Language and Culture,16,,,,,,,,,,,,,,,,,,,,,,,,,,,,,,,
cbk,90491,Spanish Language and Culture,16,,,,,,,,,,,,,,,,,,,,,,,,,,,,,,,
cbk,90492,German Language and Culture,16,,,,,,,,,,,,,,,,,,,,,,,,,,,,,,,
cbk,90493,Italian Language and Culture,16,,,,,,,,,,,,,,,,,,,,,,,,,,,,,,,
cbk,90494,Chinese Language and Culture,24,,,,,,,,,,,,,,,,,,,,,,,,,,,,,,,
cbk,90495,Japanese Language and Culture,24,,,,,,,,,,,,,,,,,,,,,,,,,,,,,,,
cbk,90497,French Language and Culture,24,,,,,,,,,,,,,,,,,,,,,,,,,,,,,,,
cbk,90498,Spanish Language and Culture,24,,,,,,,,,,,,,,,,,,,,,,,,,,,,,,,
cbk,90499,German Language and Culture,24,,,,,,,,,,,,,,,,,,,,,,,,,,,,,,,
cbk,90500,Italian Language and Culture,24,,,,,,,,,,,,,,,,,,,,,,,,,,,,,,,
cbk,90571,Electives,24,0,,,,,,,,,,,,,,,,,,,,,,,,,,,,,,
cbk,90781,Major choice (Information Technology),48,,,,,,,,,,,,,,,,,,,,,,,,,,,,,,,
cbk,90782,Major/Two sub-majors/Electives,48,,,,,,,,,,,,,,,,,,,,,,,,,,,,,,,
cbk,90783,Electives,24,,,,,,,,,,,,,,,,,,,,,,,,,,,,,,,
cbk,90922,Options (Law UG),30,,,,,,,,,,,,,,,,,,,,,,,,,,,,,,,
cbk,90923,Options (Legal Theory UG),6,,,,,,,,,,,,,,,,,,,,,,,,,,,,,,,
cbk,91202,Choice (Advanced Technology),6,4,,,,,,,,,,,,,,,,,,,,,,,,,,,,,,
cbk,91203,Choice (Technology),6,3,,,,,,,,,,,,,,,,,,,,,,,,,,,,,,
cbk,91220,Major choice (Information Technology),48,,,,,,,,,,,,,,,,,,,,,,,,,,,,,,,
cbk,91728,Choice (Legal Futures and Technnology),,,,,,,,,,,,,,,,,,,,,,,,,,,,,,,,
cbk,91729,LLB options,30,,,,,,,,,,,,,,,,,,,,,,,,,,,,,,,
cbk,91738,Electives,12,,,,,,,,,,,,,,,,,,,,,,,,,,,,,,,
cbk,91780,Sub-major/Electives,36,,,,,,,,,,,,,,,,,,,,,,,,,,,,,,,
maj,1156,Mathematical Analysis,,,,,,,,,,,,,,,,,,,,,,,,,,,,,,,,
maj,1157,Operations Research,,,,,,,,,,,,,,,,,,,,,,,,,,,,,,,,
maj,1158,Statistics,,,,,,,,,,,,,,,,,,,,,,,,,,,,,,,,
maj,2080,Business Information Systems Management,,,,,,,,,,,,,,,,,,,,,,,,,,,,,,,,
maj,2081,Data Analytics,,,,,,,,,,,,,,,,,,,,,,,,,,,,,,,,
maj,2092,Interaction Design,,,,,,,,,,,,,,,,,,,,,,,,,,,,,,,,
maj,3444,Enterprise Systems Development,,,,,,6,,,,,,,,,,,,,,,,,,,,,,,,,,
maj,3445,Networking and Cybersecurity,,,,,,,,,,,,,,,,,,,,,,,,,,,,,,,,
maj,3519,Enterprise Systems Development,,,,,,,,,,,,,,,,,,,,,,,,,,,,,,,,
maj,8437,Accounting,,,,,,,,,,,,,,,,,,,,,,,,,,,,,,,,
maj,8438,Management,,,,,,,,,,,,,,,,,,,,,,,,,,,,,,,,
maj,8440,Finance,,,,,,,,,,,,,,,,,,,,,,,,,,,,,,,,
maj,8441,Marketing,,,,,,,,,,,,,,,,,,,,,,,,,,,,,,,,
maj,8442,International Business,,,,,,,,,,,,,,,,,,,,,,,,,,,,,,,,
maj,8446,Human Resource Management,,,,,,,,,,,,,,,,,,,,,,,,,,,,,,,,
maj,8981,Advertising and Marketing Communications,,,,,,,,,,,,,,,,,,,,,,,,,,,,,,,,
maj,9209,Economics,,,,,,,,,,,,,,,,,,,,,,,,,,,,,,,,
maj,9380,Latino USA,,,,,,,,,,,,,,,,,,,,,,,,,,,,,,,,
maj,9409,Colombia,,,,,,,,,,,,,,,,,,,,,,,,,,,,,,,,
maj,9430,Costa Rica,,,,,,,,,,,,,,,,,,,,,,,,,,,,,,,,
maj,9431,Argentina,,,,,,,,,,,,,,,,,,,,,,,,,,,,,,,,
maj,9432,Canada,,,,,,,,,,,,,,,,,,,,,,,,,,,,,,,,
maj,9433,Chile,,,,,,,,,,,,,,,,,,,,,,,,,,,,,,,,
maj,9434,China,,,,,,,,,,,,,,,,,,,,,,,,,,,,,,,,
maj,9435,France,,,,,,,,,,,,,,,,,,,,,,,,,,,,,,,,
maj,9436,Germany,,,,,,,,,,,,,,,,,,,,,,,,,,,,,,,,
maj,9437,Italy,,,,,,,,,,,,,,,,,,,,,,,,,,,,,,,,
maj,9438,Japan,,,,,,,,,,,,,,,,,,,,,,,,,,,,,,,,
maj,9439,Mexico,,,,,,,,,,,,,,,,,,,,,,,,,,,,,,,,
maj,9440,Spain,,,,,,,,,,,,,,,,,,,,,,,,,,,,,,,,
maj,9441,Switzerland,,,,,,,,,,,,,,,,,,,,,,,,,,,,,,,,
maj,9443,Legal Futures and Technnology,,,,,,,,,,,,,,,,,,,,,,,,,,,,,,,,
maj,10053,Data Analytics and Artificial Intelligence,,,,,,,,,,,,,,,,,,,,,,,,,,,,,,,,
smj,1010,Electronics and Computer Interfacing,,,,,,,,,,,,,,,,,,,,,,,,,,,,,,,,
smj,1012,Physics,,,,,,,,,,,,,,,,,,,,,,,,,,,,,,,,
smj,1026,Quantitative Management,,,,,,,,,,,,,,,,,,,,,,,,,,,,,,,,
smj,1032,Statistical Modelling,,,,,,,,,,,,,,,,,,,,,,,,,,,,,,,,
smj,2057,Scientific Computing,,,,,,,,,,,,,,,,,,,,,,,,,,,,,,,,
smj,2064,Business Information Systems Management,,,,,,,,,,,,,,,,,,,,,,,,,,,,,,,,
smj,2065,Data Analytics,,,,,,,,,,,,,,,,,,,,,,,,,,,,,,,,
smj,2066,Computer Graphics and Animation,,,,,,,,,,,,,,,,,,,,,,,,,,,,,,,,
smj,2067,Interaction Design,,,,,,,,,,,,,,,,,,,,,,,,,,,,,,,,
smj,3036,Enterprise Systems Development,,,,,,,,,,,,,,,,,,,,,,,,,,,,,,,,
smj,3037,Networking and Cybersecurity,,,,,,,,,,,,,,,,,,,,,,,,,,,,,,,,
smj,8157,Business Accounting,,,,,,,,,,,,,,,,,,,,,,,,,,,,,,,,
smj,8159,Employment Relations,,,,,,,,,,,,,,,,,,,,,,,,,,,,,,,,
smj,8160,International Management,,,,,,,,,,,,,,,,,,,,,,,,,,,,,,,,
smj,8181,Introductory Finance,,,,,,,,,,,,,,,,,,,,,,,,,,,,,,,,
smj,8188,Accounting for Small Business,,,,,,,,,,,,,,,,,,,,,,,,,,,,,,,,
smj,8196,Innovation,,,,,,,,,,,,,,,,,,,,,,,,,,,,,,,,
smj,8197,Marketing Principles,,,,,,,,,,,,,,,,,,,,,,,,,,,,,,,,
smj,8198,Advertising Principles,,,,,,,,,,,,,,,,,,,,,,,,,,,,,,,,
smj,9034,International Studies,,,,,,,,,,,,,,,,,,,,,,,,,,,,,,,,
smj,9035,Language other than English,,,,,,,,,,,,,,,,,,,,,,,,,,,,,,,,
smj,9036,Specialist Country Studies,,,,,,,,,,,,,,,,,,,,,,,,,,,,,,,,
smj,9040,Introductory Economics,,,,,,,,,,,,,,,,,,,,,,,,,,,,,,,,
smj,10051,Network Security,,,,,,,,,,,,,,,,,,,,,,,,,,,,,,,,
stm,90016,China: Specialist Country Studies stream,,,,,,,,,,,,,,,,,,,,,,,,,,,,,,,,
stm,90017,France: Specialist Country Studies stream,,,,,,,,,,,,,,,,,,,,,,,,,,,,,,,,
stm,90018,Germany: Specialist Country Studies stream,,,,,,,,,,,,,,,,,,,,,,,,,,,,,,,,
stm,90020,Italy: Specialist Country Studies stream,,,,,,,,,,,,,,,,,,,,,,,,,,,,,,,,
stm,90021,Japan: Specialist Country Studies stream,,,,,,,,,,,,,,,,,,,,,,,,,,,,,,,,
stm,90022,Latin America: Specialist Country Studies stream,,,,,,,,,,,,,,,,,,,,,,,,,,,,,,,,
stm,90023,Spain: Specialist Country Studies stream,,,,,,,,,,,,,,,,,,,,,,,,,,,,,,,,
stm,90273,Core subjects (Business),48,,,,,,,,,,,,,,,,,,,,,,,,,,,,,,,
stm,90506,Latino USA: Specialist Country Studies stream,,,,,,,,,,,,,,,,,,,,,,,,,,,,,,,,
stm,90507,Quebec: Specialist Country Studies stream,,,,,,,,,,,,,,,,,,,,,,,,,,,,,,,,
stm,90508,Switzerland (French): Specialist Country Studies stream,,,,,,,,,,,,,,,,,,,,,,,,,,,,,,,,
stm,90509,Switzerland (German): Specialist Country Studies stream,,,,,,,,,,,,,,,,,,,,,,,,,,,,,,,,
stm,90651,Core subjects (Information Technology),,,,,,,,,,,,,,,,,,,,,,,,,,,,,,,,
stm,90691,Law Stream,,,,,,,,,,,,,,,,,,,,,,,,,,,,,,,,
stm,90832,Core (Law),,,,,,,,,,,,,,,,,,,,,,,,,,,,,,,,
stm,90839,Core subjects (Creative Intelligence and Innovation),,,,,,,,,,,,,,,,,,,,,,,,,,,,,,,,
stm,90990,IT Work Integrated Learning Prog,,,,,,,,,,,,,,,,,,,,,,,,,,,,,,,,
stm,91157,Work Integrated Learning,,,,,,,,,,,,,,,,,,,,,,,,,,,,,,,,
stm,91158,Core subjects (Information Technology),,,,,,,,,,,,,,,,,,,,,,,,,,,,,,,,
stm,91172,Core Honours subjects (Computing Science),,,,,,,,,,,,,,,,,,,,,,,,,,,,,,,,
stm,91173,Core subjects (Computing Science),,,,,,,,,,,,,,,,,,,,,,,,,,,,,,,,
stm,91303,Core subjects (Games Development),,,,,,,,,,,,,,,,,,,,,,,,,,,,,,,,
stm,91314,China: International Studies stream,,,,,,,,,,,,,,,,,,,,,,,,,,,,,,,,
stm,91315,France: International Studies stream,,,,,,,,,,,,,,,,,,,,,,,,,,,,,,,,
stm,91316,Germany: International Studies stream,,,,,,,,,,,,,,,,,,,,,,,,,,,,,,,,
stm,91317,Italy: International Studies stream,,,,,,,,,,,,,,,,,,,,,,,,,,,,,,,,
stm,91318,Japan: International Studies stream,,,,,,,,,,,,,,,,,,,,,,,,,,,,,,,,
stm,91320,Latino USA: International Studies stream,,,,,,,,,,,,,,,,,,,,,,,,,,,,,,,,
stm,91321,Canada (Quebec): International Studies stream,,,,,,,,,,,,,,,,,,,,,,,,,,,,,,,,
stm,91322,Spain: International Studies stream,,,,,,,,,,,,,,,,,,,,,,,,,,,,,,,,
stm,91323,Switzerland (French): International Studies stream,,,,,,,,,,,,,,,,,,,,,,,,,,,,,,,,
stm,91324,Switzerland (German): International Studies stream,,,,,,,,,,,,,,,,,,,,,,,,,,,,,,,,
stm,91325,Switzerland (Italian): International Studies stream,,,,,,,,,,,,,,,,,,,,,,,,,,,,,,,,
xbk,01012-1,,6,,,,,,,,,,,,,,,,,,,,,,,,,,,,,,,
xbk,01026-1,,12,,,,,,,,,,,,,,,,,,,,,,,,,,,,,,,
xbk,01032-1,,18,,,,,,,,,,,,,,,,,,,,,,,,,,,,,,,
xbk,01157-1,,6,,,,,,,,,,,,,,,,,,,,,,,,,,,,,,,
xbk,01157-2,,6,,,,,,,,,,,,,,,,,,,,,,,,,,,,,,,
xbk,01158-1,,6,,,,,,,,,,,,,,,,,,,,,,,,,,,,,,,
xbk,02057-1,,12,,,,,,,,,,,,,,,,,,,,,,,,,,,,,,,
xbk,02064-1,,24,,,,,,,,,,,,,,,,,,,,,,,,,,,,,,,
xbk,02065-1,,12,,,,,,,,,,,,,,,,,,,,,,,,,,,,,,,
xbk,02066-1,,18,,,,,,,,,,,,,,,,,,,,,,,,,,,,,,,
xbk,02080-1,,6,,,,,,,,,,,,,,,,,,,,,,,,,,,,,,,
xbk,02081-1,,6,,,,,,,,,,,,,,,,,,,,,,,,,,,,,,,
xbk,02081-2,,6,,,,,,,,,,,,,,,,,,,,,,,,,,,,,,,
xbk,02092-1,,12,,,,,,,,,,,,,,,,,,,,,,,,,,,,,,,
xbk,03036-1,,12,,,,,,,,,,,,,,,,,,,,,,,,,,,,,,,
xbk,03037-1,,12,,,,,,,,,,,,,,,,,,,,,,,,,,,,,,,
xbk,03444-1,,12,,,,,,,,,,,,,,,,,,,,,,,,,,,,,,,
xbk,03519-1,,24,,,,,,,,,,,,,,,,,,,,,,,,,,,,,,,
xbk,08197-1,,12,,,,,,,,,,,,,,,,,,,,,,,,,,,,,,,
xbk,08157-1,,12,,,,,,,,,,,,,,,,,,,,,,,,,,,,,,,
xbk,08188-1,,12,,,,,,,,,,,,,,,,,,,,,,,,,,,,,,,
xbk,08196-1,,6,,,,,,,,,,,,,,,,,,,,,,,,,,,,,,,
xbk,08438-1,,12,,,,,,,,,,,,,,,,,,,,,,,,,,,,,,,
xbk,08440-1,,18,,,,,,,,,,,,,,,,,,,,,,,,,,,,,,,
xbk,08441-1,,18,,,,,,,,,,,,,,,,,,,,,,,,,,,,,,,
xbk,08442-1,,12,,,,,,,,,,,,,,,,,,,,,,,,,,,,,,,
xbk,08981-1,,6,,,,,,,,,,,,,,,,,,,,,,,,,,,,,,,
xbk,09034-1,,24,,,,,,,,,,,,,,,,,,,,,,,,,,,,,,,
xbk,09035-1,,24,,,,,,,,,,,,,,,,,,,,,,,,,,,,,,,
xbk,09036-1,,24,,,,,,,,,,,,,,,,,,,,,,,,,,,,,,,
xbk,09040-1,,6,,,,,,,,,,,,,,,,,,,,,,,,,,,,,,,
xbk,09209-1,,18,,,,,,,,,,,,,,,,,,,,,,,,,,,,,,,
xbk,09443-1,,6,,,,,,,,,,,,,,,,,,,,,,,,,,,,,,,
xbk,10051-1,,12,,,,,,,,,,,,,,,,,,,,,,,,,,,,,,,
xbk,10053-1,,24,,,,,,,,,,,,,,,,,,,,,,,,,,,,,,,
xbk,90839-1,,6,,,,,,,,,,,,,,,,,,,,,,,,,,,,,,,
xbk,91314-1,,8,,,,,,,,,,,,,,,,,,,,,,,,,,,,,,,
xbk,91315-1,,8,,,,,,,,,,,,,,,,,,,,,,,,,,,,,,,
xbk,91316-1,,8,,,,,,,,,,,,,,,,,,,,,,,,,,,,,,,
xbk,91317-1,,8,,,,,,,,,,,,,,,,,,,,,,,,,,,,,,,
xbk,91318-1,,8,,,,,,,,,,,,,,,,,,,,,,,,,,,,,,,
xbk,91320-1,,8,,,,,,,,,,,,,,,,,,,,,,,,,,,,,,,
xbk,91321-1,,8,,,,,,,,,,,,,,,,,,,,,,,,,,,,,,,
xbk,91322-1,,8,,,,,,,,,,,,,,,,,,,,,,,,,,,,,,,
xbk,91323-1,,8,,,,,,,,,,,,,,,,,,,,,,,,,,,,,,,
xbk,91324-1,,8,,,,,,,,,,,,,,,,,,,,,,,,,,,,,,,
xbk,91325-1,,8,,,,,,,,,,,,,,,,,,,,,,,,,,,,,,,
xbk,91780-1,,24,,,,,,,,,,,,,,,,,,,,,,,,,,,,,,,
,21440,Management Skills,6,0,,,,,,,,,,,,,,,,,,,,,,,,,,,,,,
,21506,International Business Capstone,6,,,,,,,,,,,,,,,,,,,,,,,,,,,,,,,
,21555,Introduction to Human Resource Management,6,0,,,,,,,,,,,,,,,,,,,,,,,,,,,,,,
,21595,International Management Field Study,6,,,,,,,,,,,,,,,,,,,,,,,,,,,,,,,
,21999,Business Internship,6,,,,,,,,,,,,,,,,,,,,,,,,,,,,,,,
,22319,Financial Statement Analysis (Capstone),6,,,,,,,,,,,,,,,,,,,,,,,,,,,,,,,
,22421,Management Decisions and Control,6,,,,,,,,,,,,,,,,,,,,,,,,,,,,,,,
,22522,Assurance Services and Audit,6,,,,,,,,,,,,,,,,,,,,,,,,,,,,,,,
,23002,Market Design,6,,,,,,,,,,,,,,,,,,,,,,,,,,,,,,,
,23005,Behavioural Economics,6,,,,,,,,,,,,,,,,,,,,,,,,,,,,,,,
,23021,Labour Economics,6,,,,,,,,,,,,,,,,,,,,,,,,,,,,,,,
,23022,Public Economics,6,,,,,,,,,,,,,,,,,,,,,,,,,,,,,,,
,23115,Economics for Business,6,,,,,,,,,,,,,,,,,,,,,,,,,,,,,,,
,23418,Economics of Money and Finance,6,,,,,,,,,,,,,,,,,,,,,,,,,,,,,,,
,23504,Economics of Competition and Strategy,6,,,,,,,,,,,,,,,,,,,,,,,,,,,,,,,
,23565,Mathematics for Economy and Businenss,6,,,,,,,,,,,,,,,,,,,,,,,,,,,,,,,
,23566,Economics for Business 2,6,,,,,,,,,,,,,,,,,,,,,,,,,,,,,,,
,23567,Intermediate Microeconomics,6,,,,,,,,,,,,,,,,,,,,,,,,,,,,,,,
,23568,Intermediate Macroeconomics,6,,,,,,,,,,,,,,,,,,,,,,,,,,,,,,,
,23569,Economic Growth and Development,6,,,,,,,,,,,,,,,,,,,,,,,,,,,,,,,
,23570,Economics of the Environment,6,,,,,,,,,,,,,,,,,,,,,,,,,,,,,,,
,23571,Introductory Econometrics,6,,,,,,,,,,,,,,,,,,,,,,,,,,,,,,,
,23572,Applied Microeconometrics,6,,,,,,,,,,,,,,,,,,,,,,,,,,,,,,,
,23580,The Global Economy (Capstone),6,,,,,,,,,,,,,,,,,,,,,,,,,,,,,,,
,23592,Game Theory,6,,,,,,,,,,,,,,,,,,,,,,,,,,,,,,,
,23999,Business Internship,6,,,,,,,,,,,,,,,,,,,,,,,,,,,,,,,
,24101,Applied Project in Advertising and Marketing Communication,6,,,,,,,,,,,,,,,,,,,,,,,,,,,,,,,
,24104,Digital Marketing and Social Media,6,,,,,,,,,,,,,,,,,,,,,,,,,,,,,,,
,24205,Business-to-Business Marketing,6,,,,,,,,,,,,,,,,,,,,,,,,,,,,,,,
,24207,Media Planning,6,,,,,,,,,,,,,,,,,,,,,,,,,,,,,,,
,24220,International Marketing,6,,,,,,,,,,,,,,,,,,,,,,,,,,,,,,,
,24306,Services Marketing,6,,,,,,,,,,,,,,,,,,,,,,,,,,,,,,,
,24309,Marketing Research,6,,,,,,,,,,,,,,,,,,,,,,,,,,,,,,,
,24510,Advertising Research,6,,,,,,,,,,,,,,,,,,,,,,,,,,,,,,,
,25300,Fundamentals of Business Finance,6,0,,,,,,,,,,,,,,,,,,,,,,,,,,,,,,
,25410,Corporate Financial Analysis (Capstone),6,,,,,,,,,,,,,,,,,,,,,,,,,,,,,,,
,25421,International Financial Management,6,,,,,,,,,,,,,,,,,,,,,,,,,,,,,,,
,25503,Investment Analysis,6,,,,,,,,,,,,,,,,,,,,,,,,,,,,,,,
,25556,The Financial System,6,,,,,,,,,,,,,,,,,,,,,,,,,,,,,,,
,25557,Corporate Finance: Theory and Practice,6,,,,,,,,,,,,,,,,,,,,,,,,,,,,,,,
,25558,Issues in Corporate Finance,6,,,,,,,,,,,,,,,,,,,,,,,,,,,,,,,
,25573,Time Series Econometrics,6,,,,,,,,,,,,,,,,,,,,,,,,,,,,,,,
,25574,Commercial Bank Management,6,,,,,,,,,,,,,,,,,,,,,,,,,,,,,,,
,25575,Investment Bannking,6,,,,,,,,,,,,,,,,,,,,,,,,,,,,,,,
,25579,Applied Portfolio Management,6,,,,,,,,,,,,,,,,,,,,,,,,,,,,,,,
,25602,Ethics in Finance,6,,,,,,,,,,,,,,,,,,,,,,,,,,,,,,,
,25620,Derivative Securities,6,,,,,,,,,,,,,,,,,,,,,,,,,,,,,,,
,25622,Quantitative Business Analysis,6,,,,,,,,,,,,,,,,,,,,,,,,,,,,,,,
,25999,Business Internship,6,,,,,,,,,,,,,,,,,,,,,,,,,,,,,,,
,26100,Integrating Business Perspectives,6,,,,,,,,,,,,,,,,,,,,,,,,,,,,,,,
,26134,Business Statistics,6,0,,,,,,,,,,,,,,,,,,,,,,,,,,,,,,
,31016,Career Management for IT Professionals,6,,,,,,,,,,,,,,,,,,,,,,,,,,,,,,,
,31274,Network Management,6,0,,,0,0,0,,0,0,0,0,0,0,0,0,0,,,,,,,,,,,,,,,
,31275,Mobile Networking,6,0,,,0,0,0,4,0,0,6,0,0,0,0,0,0,,,,,,,,,,,,,,,
,31277,Routing and Switching Essentials,6,0,,,0,0,0,3,0,0,4,0,0,0,0,0,0,,,,,,,,,,,,,,,
,31338,Network Servers,6,0,,,0,0,0,4,0,0,0,0,0,0,0,0,0,,,,,,,,,,,,,,,
,35363,Stochastic Models,6,,,0,,,,,,,,,,,,,,,,,,,,,,,,,,,,
,35383,Programming for Mathematical Modelling and Data Analysis,6,,,0,,,,,,,,,,,,,,,,,,,,,,,,,,,,
,37255,Forensic Statistics,6,,,0,,,,,,,,,,,,,,,,,,,,,,,,,,,,
,41061,IT Professional Experience 1,3,,,0,,,,,,,,,,,,,,,,,,,,,,,,,,,,
,41062,IT Professional Experience 2,3,,,,,,,,,,,,,,,,,,,,,,,,,,,,,,,
,41063,IT Professional Experience 3,3,,,,,,,,,,,,,,,,,,,,,,,,,,,,,,,
,41064,IT Professional Experience 4,3,,,,,,,,,,,,,,,,,,,,,,,,,,,,,,,
,41065,IT Experience Reflection,6,,,,,,,,,,,,,,,,,,,,,,,,,,,,,,,
,41071,Work Integrated Learning 1,6,,,,,,,,,,,,,,,,,,,,,,,,,,,,,,,
,41072,Work Integrated Learning 2,6,,,,,,,,,,,,,,,,,,,,,,,,,,,,,,,
,41073,Work Integrated Learning 3,6,,,,,,,,,,,,,,,,,,,,,,,,,,,,,,,
,41074,Work Integrated Learning 4,6,,,,,,,,,,,,,,,,,,,,,,,,,,,,,,,
,41890,Applying Network Security,6,,,,0,0,0,0,0,0,0,0,0,0,0,0,0,,,,,,,,,,,,,,,
,41891,Cloud Computing Infrastructure,6,,,,0,0,0,0,0,0,0,0,0,0,0,0,0,,,,,,,,,,,,,,,
,41903,Internet Science,6,,,,0,0,0,0,0,0,0,0,0,0,0,0,0,,,,,,,,,,,,,,,
,41905,Software Defined Networks,6,,,,0,0,0,0,0,0,0,0,0,0,0,0,0,,,,,,,,,,,,,,,
,42036,Cyber Security for Mobile Platform,6,,,0,0,0,0,0,0,0,0,0,0,0,0,0,0,,,,,,,,,,,,,,,
,42037,IoT Secority,6,,,0,0,0,0,0,0,0,0,0,0,0,0,0,0,,,,,,,,,,,,,,,
,48033,Internet of Things,6,0,,0,0,0,0,0,0,0,0,0,0,0,0,0,0,,,,,,,,,,,,,,,
,48436,Digital Forensics,6,,,0,0,0,0,0,0,0,0,0,0,0,0,0,0,,,,,,,,,,,,,,,
,48450,Real-time Operating Systems,6,,,0,0,0,0,0,0,0,0,0,0,0,0,0,0,,,,,,,,,,,,,,,
,48730,Cyber Security,6,,,0,0,0,0,0,0,0,5,0,0,0,0,0,5,,,,,,,,,,,,,,,
,59333,Advertising Strategies,6,,,0,,,,,,,,,,,,,,,,,,,,,,,,,,,,
,68315,Imaging Science,6,,,0,,,,,,,,,,,,,,,,,,,,,,,,,,,,
,68414,Advanced Mechanics,6,,,0,,,,,,,,,,,,,,,,,,,,,,,,,,,,
,70103,Ethics Law and Justice,6,,,0,,,,,,,,,,,,,,,,,,,,,,,,,,,,
,70104,Civil Practice,6,,,,,,,,,,,,,,,,,,,,,,,,,,,,,,,
,70108,Public International Law,6,,,,,,,,,,,,,,,,,,,,,,,,,,,,,,,
,70109,Evidence,6,,,,,,,,,,,,,,,,,,,,,,,,,,,,,,,
,70114,Criminal Law and Procedure,8,,,,,,,,,,,,,,,,,,,,,,,,,,,,,,,
,70211,Contracts,8,,,,,,,,,,,,,,,,,,,,,,,,,,,,,,,
,70311,Torts,8,,,,,,,,,,,,,,,,,,,,,,,,,,,,,,,
,70317,Real Property,8,,,,,,,,,,,,,,,,,,,,,,,,,,,,,,,
,70327,Commercial Law,6,,,,,,,,,,,,,,,,,,,,,,,,,,,,,,,
,70417,Corporate Law,8,,,,,,,,,,,,,,,,,,,,,,,,,,,,,,,
,70517,Equity and Trusts,8,,,,,,,,,,,,,,,,,,,,,,,,,,,,,,,
,70616,Australian Constitutional Law,8,,,,,,,,,,,,,,,,,,,,,,,,,,,,,,,
,70617,Administrative Law,8,,,,,,,,,,,,,,,,,,,,,,,,,,,,,,,
,71116,Remedies,6,,,,,,,,,,,,,,,,,,,,,,,,,,,,,,,
,76002,Sports Law,6,,,,,,,,,,,,,,,,,,,,,,,,,,,,,,,
,76003,Asian Law and Legal Systems,6,,,,,,,,,,,,,,,,,,,,,,,,,,,,,,,
,76005,Islamic Law,6,,,,,,,,,,,,,,,,,,,,,,,,,,,,,,,
,76007,International Human Rights Law,6,,,,,,,,,,,,,,,,,,,,,,,,,,,,,,,
,76008,Jurisprudence,6,,,,,,,,,,,,,,,,,,,,,,,,,,,,,,,
,76009,Introduction to Chinese Business Law,6,,,,,,,,,,,,,,,,,,,,,,,,,,,,,,,
,76010,Disability and the Law,6,,,,,,,,,,,,,,,,,,,,,,,,,,,,,,,
,76012,Criminology,6,,,,,,,,,,,,,,,,,,,,,,,,,,,,,,,
,76013,World Trade Law,6,,,,,,,,,,,,,,,,,,,,,,,,,,,,,,,
,76015,Labour Law,6,,,,,,,,,,,,,,,,,,,,,,,,,,,,,,,
,76016,Advanced Revenue Law,6,,,,,,,,,,,,,,,,,,,,,,,,,,,,,,,
,76019,Broadcasting and Telecommunications Regulation,6,,,,,,,,,,,,,,,,,,,,,,,,,,,,,,,
,76020,Entertainment Law,6,,,,,,,,,,,,,,,,,,,,,,,,,,,,,,,
,76022,Insurance Law,6,,,,,,,,,,,,,,,,,,,,,,,,,,,,,,,
,76023,Deceptive Trade Practices and Product Liability,6,,,,,,,,,,,,,,,,,,,,,,,,,,,,,,,
,76024,Environmental Law,6,,,,,,,,,,,,,,,,,,,,,,,,,,,,,,,
,76025,International Organisations,6,,,,,,,,,,,,,,,,,,,,,,,,,,,,,,,
,76027,Competition Law,6,,,,,,,,,,,,,,,,,,,,,,,,,,,,,,,
,76030,Genetics and the Law,6,,,,,,,,,,,,,,,,,,,,,,,,,,,,,,,
,76033,Animal Law and Policy in Australia,6,,,,,,,,,,,,,,,,,,,,,,,,,,,,,,,
,76034,Law of Slavery and Human Trafficking,6,,,,,,,,,,,,,,,,,,,,,,,,,,,,,,,
,76036,International Trade Law and the Environment,6,,,,,,,,,,,,,,,,,,,,,,,,,,,,,,,
,76037,Advanced Criminal Law,6,,,,,,,,,,,,,,,,,,,,,,,,,,,,,,,
,76038,Law and Mental Health,6,,,,,,,,,,,,,,,,,,,,,,,,,,,,,,,
,76039,Jessup International Moot,6,,,,,,,,,,,,,,,,,,,,,,,,,,,,,,,
,76040,Research Thesis,6,,,,,,,,,,,,,,,,,,,,,,,,,,,,,,,
,76041,Climate Law and Carbon Markets,6,,,,,,,,,,,,,,,,,,,,,,,,,,,,,,,
,76043,Building and Construction Law,6,,,,,,,,,,,,,,,,,,,,,,,,,,,,,,,
,76045,Medicine and Law,6,,,,,,,,,,,,,,,,,,,,,,,,,,,,,,,
,76047,Advanced Contracts,6,,,,,,,,,,,,,,,,,,,,,,,,,,,,,,,
,76048,Citizenship and Immigration Law,6,,,,,,,,,,,,,,,,,,,,,,,,,,,,,,,
,76052,Dispute Resolution Advocacy,6,,,,,,,,,,,,,,,,,,,,,,,,,,,,,,,
,76056,Intellectual Property Commercialisation Overview,6,,,,,,,,,,,,,,,,,,,,,,,,,,,,,,,
,76057,Judgment and the Rule of Law,6,,,,,,,,,,,,,,,,,,,,,,,,,,,,,,,
,76063,Media Law,6,,,,,,,,,,,,,,,,,,,,,,,,,,,,,,,
,76066,Children and the Law,6,,,,,,,,,,,,,,,,,,,,,,,,,,,,,,,
,76068,Indigenous Peoples and the Law,6,,,,,,,,,,,,,,,,,,,,,,,,,,,,,,,
,76069,Law and Justice Studies,6,,,,,,,,,,,,,,,,,,,,,,,,,,,,,,,
,76070,Biomedical Law and Bioethics,6,,,,,,,,,,,,,,,,,,,,,,,,,,,,,,,
,76074,Australian Civil Liberties Law,6,,,,,,,,,,,,,,,,,,,,,,,,,,,,,,,
,76080,Finance Law,6,,,,,,,,,,,,,,,,,,,,,,,,,,,,,,,
,76081,Gender and Law,6,,,,,,,,,,,,,,,,,,,,,,,,,,,,,,,
,76084,Intellectual Property: Copyright and Designs,6,,,,,,,,,,,,,,,,,,,,,,,,,,,,,,,
,76085,Intellectual Property: Trade Marks and Patents,6,,,,,,,,,,,,,,,,,,,,,,,,,,,,,,,
,76086,Advanced Commercial Transactions,6,,,,,,,,,,,,,,,,,,,,,,,,,,,,,,,
,76087,Workplace Health and Safety Law,6,,,,,,,,,,,,,,,,,,,,,,,,,,,,,,,
,76088,Discrimination and the Law,6,,,,,,,,,,,,,,,,,,,,,,,,,,,,,,,
,76089,Privacy and Surveillance Law,6,,,,,,,,,,,,,,,,,,,,,,,,,,,,,,,
,76090,Research Methodology,6,,,,,,,,,,,,,,,,,,,,,,,,,,,,,,,
,76091,Advanced Evidence,6,,,,,,,,,,,,,,,,,,,,,,,,,,,,,,,
,76092,Advanced Property,6,,,,,,,,,,,,,,,,,,,,,,,,,,,,,,,
,76093,Elder Law,6,,,,,,,,,,,,,,,,,,,,,,,,,,,,,,,
,76094,Oxford International Intellectual Property Moot,6,,,,,,,,,,,,,,,,,,,,,,,,,,,,,,,
,76095,Strategic Litigation Clinic,6,,,,,,,,,,,,,,,,,,,,,,,,,,,,,,,
,76096,Experiential Research and Law,6,,,,,,,,,,,,,,,,,,,,,,,,,,,,,,,
,76097,Local Internship,6,,,,,,,,,,,,,,,,,,,,,,,,,,,,,,,
,76098,International Legal Internship,6,,,,,,,,,,,,,,,,,,,,,,,,,,,,,,,
,76099,Applied Human Rights Fieldwork,6,,,,,,,,,,,,,,,,,,,,,,,,,,,,,,,
,76105,Disruptive Technologies and the Law,6,,,,,,,,,,,,,,,,,,,,,,,,,,,,,,,
,76106,"Technology Law, Policy and Ethics (Capstone 1)",6,,,,,,,,,,,,,,,,,,,,,,,,,,,,,,,
,76107,"Applied Project in Law, Innovation, and Technology",6,,,,,,,,,,,,,,,,,,,,,,,,,,,,,,,
,76108,International Law and Cultural Heritage,6,,,,,,,,,,,,,,,,,,,,,,,,,,,,,,,
,76109,History and Theory of International Law,6,,,,,,,,,,,,,,,,,,,,,,,,,,,,,,,
,76112,Australian Private International Law,6,,,,,,,,,,,,,,,,,,,,,,,,,,,,,,,
,76115,Insolvency,6,,,,,,,,,,,,,,,,,,,,,,,,,,,,,,,
,76212,Revenue Law,6,,,,,,,,,,,,,,,,,,,,,,,,,,,,,,,
,76516,Family Law,6,,,,,,,,,,,,,,,,,,,,,,,,,,,,,,,
,76517,Succession,6,,,,,,,,,,,,,,,,,,,,,,,,,,,,,,,
,76521,Intellectual Property and Traditional Knowledge,6,,,,,,,,,,,,,,,,,,,,,,,,,,,,,,,
,76801,Exchange Subject 1,6,,,,,,,,,,,,,,,,,,,,,,,,,,,,,,,
,76802,Exchange Subject 2,6,,,,,,,,,,,,,,,,,,,,,,,,,,,,,,,
,76803,Exchange Subject 3,6,,,,,,,,,,,,,,,,,,,,,,,,,,,,,,,
,76804,Exchange Subject 4,6,,,,,,,,,,,,,,,,,,,,,,,,,,,,,,,
,76900,Moot,6,,,,,,,,,,,,,,,,,,,,,,,,,,,,,,,
,76902,Law and Literature,6,,,,,,,,,,,,,,,,,,,,,,,,,,,,,,,
,76903,International Commercial Transactions,6,,,,,,,,,,,,,,,,,,,,,,,,,,,,,,,
,76904,Price International Media Law Moot,6,,,,,,,,,,,,,,,,,,,,,,,,,,,,,,,
,77715,Banking Law,6,,,,,,,,,,,,,,,,,,,,,,,,,,,,,,,
,77794,International Environmental Law,6,,,,,,,,,,,,,,,,,,,,,,,,,,,,,,,
,78008,Law of the Sea,6,,,,,,,,,,,,,,,,,,,,,,,,,,,,,,,
,78013,Refugee Law and Practice,6,,,,,,,,,,,,,,,,,,,,,,,,,,,,,,,
,78016,International Humanitarian Law,6,,,,,,,,,,,,,,,,,,,,,,,,,,,,,,,
,78030,Criminal Sentencing Law,6,,,,,,,,,,,,,,,,,,,,,,,,,,,,,,,
,78039,Wickedness and Vice,6,,,,,,,,,,,,,,,,,,,,,,,,,,,,,,,
,78040,The Law and Education,6,,,,,,,,,,,,,,,,,,,,,,,,,,,,,,,
,78042,Environmental Planning and Development Law,6,,,,,,,,,,,,,,,,,,,,,,,,,,,,,,,
,79014,Applied Company Law,6,0,,,,,,,,,,,,,,,,,,,,,,,,,,,,,,
,79017,Taxation Law,6,0,,,,,,,,,,,,,,,,,,,,,,,,,,,,,,
,79605,International Business Transactions and the Law,6,,,,,,,,,,,,,,,,,,,,,,,,,,,,,,,
,97510,Spanish Language and Culture 10,8,,,,,,,,,,,,,,,,,,,,,,,,,,,,,,,
,976404,Contemporary Switzerland,8,,,,,,,,,,,,,,,,,,,,,,,,,,,,,,,
,976451,Contemporary Spain,8,,,,,,,,,,,,,,,,,,,,,,,,,,,,,,,
,21036,Managing Strategic Performance,6,,,,,,,,,,,,,,,,,,,,,,,,,,,,,,,
,21037,Managing Employee Relations,6,,,,,,,,,,,,,,,,,,,,,,,,,,,,,,,
,21129,Introduction to Strategy,6,0,,,,,,,,,,,,,,,,,,,,,,,,,,,,,,
,21227,Innovation and Entrepreneurship,6,0,,,,,,,,,,,,,,,,,,,,,,,,,,,,,,
,21228,Management Consulting,6,0,,,,,,,,,,,,,,,,,,,,,,,,,,,,,,
,21407,Strategic Human Resource Management,6,,,,,,,,,,,,,,,,,,,,,,,,,,,,,,,
,21504,Management Capstone,6,,,,,,,,,,,,,,,,,,,,,,,,,,,,,,,
,21505,Human Resource Management (Capstone),6,,,,,,,,,,,,,,,,,,,,,,,,,,,,,,,
,21510,Managing People and Organisations,6,,,,,,,,,,,,,,,,,,,,,,,,,,,,,,,
,21511,Global Operations and Supply Chain Management,6,,,,,,,,,,,,,,,,,,,,,,,,,,,,,,,
,21512,Understanding Organisations: Theory and Practice,6,,,,,,,,,,,,,,,,,,,,,,,,,,,,,,,
,21513,Business Ethics and Sustainability,6,,,,,,,,,,,,,,,,,,,,,,,,,,,,,,,
,21591,Transnational Management,6,0,,,,,,,,,,,,,,,,,,,,,,,,,,,,,,
,22016,Ethics and Governance,6,,,,,,,,,,,,,,,,,,,,,,,,,,,,,,,
,22107,Accounting for Business Decisions A,6,0,,,,,,,,,,,,,,,,,,,,,,,,,,,,,,
,22207,Accounting for Business Decisions B,6,,,,,,,,,,,,,,,,,,,,,,,,,,,,,,,
,22240,International Accounting,6,,,,,,,,,,,,,,,,,,,,,,,,,,,,,,,
,22320,Accounting for Business Combinations,6,,,,,,,,,,,,,,,,,,,,,,,,,,,,,,,
,22321,Cost Management Systems,6,,,,,,,,,,,,,,,,,,,,,,,,,,,,,,,
,22420,Accounting Standards and Regulations,6,,,,,,,,,,,,,,,,,,,,,,,,,,,,,,,
,22566,Small Business Management and Accounting,6,,,,,,,,,,,,,,,,,,,,,,,,,,,,,,,
,22567,Planning and Control for Small Business Enterprises,6,,,,,,,,,,,,,,,,,,,,,,,,,,,,,,,
,22573,Innovation and Commercialisation,6,,,,,,,,,,,,,,,,,,,,,,,,,,,,,,,
,22575,Accounting Processes and Applications,6,,,,,,,,,,,,,,,,,,,,,,,,,,,,,,,
,24100,Applied Project in Marketing (Capstone),6,,,,,,,,,,,,,,,,,,,,,,,,,,,,,,,
,24108,Marketing Foundations,6,0,,,,,,,,,,,,,,,,,,,,,,,,,,,,,,
,24202,Consumer Behaviour,6,,,,,,,,,,,,,,,,,,,,,,,,,,,,,,,
,24210,Integrated Marketing Communications,6,,,,,,,,,,,,,,,,,,,,,,,,,,,,,,,
,24211,Branding,6,,,,,,,,,,,,,,,,,,,,,,,,,,,,,,,
,24212,Entrepreneurial Marketing,6,,,,,,,,,,,,,,,,,,,,,,,,,,,,,,,
,24222,Marketing Channels,6,,,,,,,,,,,,,,,,,,,,,,,,,,,,,,,
,24223,Product Innovation Marketing,6,,,,,,,,,,,,,,,,,,,,,,,,,,,,,,,
,24224,Pricing Strategies and Tactics,6,,,,,,,,,,,,,,,,,,,,,,,,,,,,,,,
,24331,International Marketing,6,,,,,,,,,,,,,,,,,,,,,,,,,,,,,,,
,24415,Marketing Planning and Strategy,6,,,,,,,,,,,,,,,,,,,,,,,,,,,,,,,
,24999,Business Internship,6,,,,,,,,,,,,,,,,,,,,,,,,,,,,,,,
,31005,Advanced Data Analytics,6,0,,,0,0,0,,0,0,0,0,0,0,0,0,0,,,,,,,,,,,,,,,
,31075,Object-relational Databases,6,0,,,0,0,0,,0,0,0,0,0,0,0,0,0,,,,,,,,,,,,,,,
,31080,Interactive Media,6,0,,,0,0,4,,0,4,0,0,0,0,0,0,0,,,,,,,,,,,,,,,
,31097,IT Operations Management,6,0,,,0,0,0,,0,0,0,0,0,0,0,0,0,,,,,,,,,,,,,,,
,31100,Enterprise Development with .NET,6,0,,0,0,0,0,,0,0,0,0,0,0,0,0,0,,,,,,,,,,,,,,,
,31102,Game Design Studio 1,6,,,0,,,,,,,,,,,,,,,,,,,,,,,,,,,,
,31103,Game Design Studio 2,6,,,0,,,,,,,,,,,,,,,,,,,,,,,,,,,,
,31241,3D Computer Animation,6,0,,0,,,,,,,,,,,,,,,,,,,,,,,,,,,,
,31242,Advanced Internet Programming,6,0,,0,0,0,0,0,0,0,0,0,0,0,0,0,0,,,,,,,,,,,,,,,
,31243,Analytics Capstone B,6,0,,,0,0,0,0,,,,,,,,,,,,,,,,,,,,,,,,
,31245,Business Process and IT Strategy,6,5,,,0,0,0,0,7,0,0,0,0,0,0,0,0,,,,,,,,,,,,,,,
,31247,Collaborative Business Processes,6,4,,,0,0,0,0,4,0,0,0,0,0,0,0,0,,,,,,,,,,,,,,,
,31248,Games and Graphics Project,6,0,,0,,,,,,,,,,,,,,,,,,,,,,,,,,,,
,31249,Computer Graphics Rendering Techniques,6,,,0,,,,,,,,,,,,,,,,,,,,,,,,,,,,
,31250,Introduction to Data Analytics,6,0,,5,3,0,0,0,0,0,0,0,4,0,0,0,0,,,,,,,,,,,,,,,
,31251,Data Structures and Algorithms,6,0,,2,0,3,0,0,5,,5,5,5,5,5,,5,,,,,,,,,,,,,,,
,31253,Database Programming,6,0,,,0,0,0,0,0,0,0,0,0,0,0,0,0,,,,,,,,,,,,,,,
,31255,Finance and IT Professionals,6,0,,,0,0,0,0,4,0,0,0,0,0,0,0,0,,,,,,,,,,,,,,,
,31256,Image Processing and Pattern Recognition,6,0,,0,0,0,0,0,0,0,0,0,0,0,0,0,0,,,,,,,,,,,,,,,
,31257,Information System Development Methodologies,6,3,,0,0,0,0,0,4,0,0,0,0,0,0,0,0,,,,,,,,,,,,,,,
,31258,Innovations for Global Relationship Management,6,0,,0,0,0,0,0,5,0,0,0,0,0,0,0,0,,,,,,,,,,,,,,,
,31260,Fundamentals of Interaction Design,6,0,,3,0,3,2,0,,4,0,4,,,,,,,,,,,,,,,,,,,,
,31262,Introduction to Computer Game Design,6,0,,0,0,0,0,0,0,0,0,0,0,0,0,0,0,,,,,,,,,,,,,,,
,31263,Introduction to Computer Game Development,6,0,,3,0,0,0,0,0,0,0,0,0,0,0,0,0,,,,,,,,,,,,,,,
,31264,Introduction to Computer Graphics,6,0,,4,,,,,,,,,,,,,,,,,,,,,,,,,,,,
,31265,Communication for IT Professionals,6,1,,0,1,1,1,1,,,,,,,,,,,,,,,,,,,,,,,,
,31266,Introduction to Information Systems,6,1,,0,1,1,1,1,1,1,1,1,1,1,1,1,1,,,,,,,,,,,,,,,
,31268,Web Systems,6,1,,0,1,1,1,1,3,3,3,3,3,3,3,3,3,,,,,,,,,,,,,,,
,31269,Business Requirements Modelling,6,2,,,2,2,2,2,2,2,2,2,2,2,2,2,2,,,,,,,,,,,,,,,
,31271,Database Fundamentals,6,2,,1,3,3,3,3,2,2,2,2,2,2,2,2,2,,,,,,,,,,,,,,,
,31272,Project Management and the Professional,6,6,,1,5,5,5,5,7,7,6,7,7,7,7,7,7,,,,,,,,,,,,,,,
,31276,Networked Enterprise Architecture,6,0,,1,0,0,0,0,6,0,0,0,0,0,0,0,0,,,,,,,,,,,,,,,
,31280,Strategic IT Project,6,0,,2,0,0,0,0,6,0,0,0,0,0,0,0,0,,,,,,,,,,,,,,,
,31282,Systems Testing and Quality Management,6,0,,3,0,0,0,0,0,0,0,0,0,0,0,0,0,,,,,,,,,,,,,,,
,31285,Mobile Applications Development,6,0,,5,0,0,0,0,0,0,0,0,0,0,0,0,0,,,,,,,,,,,,,,,
,31482,Honours Project,12,,2,4,,,,,8,8,8,8,8,8,8,8,8,,,,,,,,,,,,,,,
,31489,Industry Study 1,6,2,,6,,,,,,,,,,,,,,,,,,,,,,,,,,,,
,31490,Industry Study 2,6,5,,0,,,,,,,,,,,,,,,,,,,,,,,,,,,,
,31748,Programming on the Internet,6,,,0,0,0,0,0,0,0,0,0,0,0,0,0,0,,,,,,,,,,,,,,,
,31777,Advanced Interaction Design,6,0,,,0,0,4,0,0,4,0,0,0,0,0,0,0,,,,,,,,,,,,,,,
,31927,Application Development in .NET,6,,,,0,0,0,0,,,,,,,,,,,,,,,,,,,,,,,,
,32144,Technology Research Preparation,6,,1,,,,,,6,6,6,6,6,6,6,6,6,,,,,,,,,,,,,,,
,32146,Data Visualisation and Visual Analytics,6,,,0,0,0,0,0,0,0,0,0,0,0,0,0,0,,,,,,,,,,,,,,,
,32931,Technology Research Methods,6,,1,0,,,,,7,7,7,7,7,7,7,7,7,,,,,,,,,,,,,,,
,37131,Introduction to Linear Dynamical Systems,6,,,0,3,0,0,0,1,1,1,1,1,1,1,1,1,,,,,,,,,,,,,,,
,37132,Introduction to Mathematical Analysis and Modelling,6,,,,,,,,2,2,2,2,2,2,2,2,2,,,,,,,,,,,,,,,
,37151,Introduction to Statistics,6,,,0,3,0,0,0,1,1,1,1,1,1,1,1,1,,,,,,,,,,,,,,,
,37161,Probability and Random Variables,6,,,,,,,,0,0,0,0,0,4,4,4,,,,,,,,,,,,,,,,
,37181,Discrete Mathematics,6,,,0,,,,,2,2,2,2,2,2,2,2,2,,,,,,,,,,,,,,,
,37233,Linear Algebra,6,,,,,,,,0,0,0,0,0,4,4,4,,,,,,,,,,,,,,,,
,37234,Advanced Calculus,6,,,0,,,,,0,0,0,0,0,7,0,0,0,,,,,,,,,,,,,,,
,37242,Optimisation in Quantitative Management,6,,,,,,,,0,0,0,0,0,0,0,0,0,,,,,,,,,,,,,,,
,37252,Regression Analysis,6,,,,,,,,0,0,0,0,0,4,4,4,0,,,,,,,,,,,,,,,
,37253,Sample Surveys,6,,,,,,,,0,0,0,0,0,0,0,6,0,,,,,,,,,,,,,,,
,37262,Simulation Modelling,6,,,,,,,,0,0,0,0,0,0,0,0,0,,,,,,,,,,,,,,,
,37335,Differential Equations,6,,,,,,,,0,0,0,0,0,6,0,0,0,,,,,,,,,,,,,,,
,37343,Nonlinear Methods in Quantitative Management ,6,,,,,,,,0,0,0,0,0,0,6,0,0,,,,,,,,,,,,,,,
,37344,Network and Combinatorial Optimisation,6,,,,,,,,0,0,0,0,0,0,6,0,0,,,,,,,,,,,,,,,
,37345,Quantitative Management Practice,6,,,,,,,,0,0,0,0,0,0,0,0,0,,,,,,,,,,,,,,,
,37356,Design and Analysis of Experiments,6,,,,,,,,0,0,0,0,0,0,0,0,0,,,,,,,,,,,,,,,
,37357,Advanced Statistical Modelling,6,,,,,,,,0,0,0,0,0,0,0,0,0,,,,,,,,,,,,,,,
,37363,Stochastic Processes,6,,,,,,,,0,0,0,0,0,6,0,0,0,,,,,,,,,,,,,,,
,37373,Programming for Data Analysis,6,,,,,,,,0,0,0,0,0,0,0,0,0,,,,,,,,,,,,,,,
,37438,Modern Analysis with Applications,6,,,,,,,,0,0,0,0,0,8,0,0,0,,,,,,,,,,,,,,,
,37458,Advanced Bayesian Methods,6,,,,,,,,0,0,0,0,0,0,0,0,0,,,,,,,,,,,,,,,
,37459,Multivariate Data Analysis,6,,,,,,,,0,0,0,0,0,0,0,8,0,,,,,,,,,,,,,,,
,37481,Honours Seminar 1,6,,,,,,,,0,0,0,0,0,0,0,0,0,,,,,,,,,,,,,,,
,41001,Cloud Computing and Software as a Service,6,0,,,0,0,0,0,0,0,0,0,0,0,0,0,0,,,,,,,,,,,,,,,
,41003,Enterprise Architecture Practice,6,0,,,,,,,,,,,,,,,,,,,,,,,,,,,,,,
,41004,Analytics Capstone Project,6,,,,5,0,0,0,0,0,0,7,7,0,0,0,0,,,,,,,,,,,,,,,
,41015,Industry Experience 1,3,2,,,,,,,,,,,,,,,,,,,,,,,,,,,,,,
,41016,Industry Experience 2,3,5,,0,,,,,,,,,,,,,,,,,,,,,,,,,,,,
,41019,Prototyping Physical Interaction,6,,,,0,0,3,0,0,0,0,0,0,0,0,0,0,,,,,,,,,,,,,,,
,41020,Human-centred Design Methods,6,,,0,0,0,0,0,0,0,0,0,0,0,0,0,0,,,,,,,,,,,,,,,
,41021,Interaction Design Studio,12,,,,0,0,5,0,,6,0,0,0,0,0,0,0,,,,,,,,,,,,,,,
,41024,Advanced Games Programming,6,,,,,,,,,,,,,,,,,,,,,,,,,,,,,,,
,41025,Introduction to Software Development,6,4,,0,0,4,0,0,0,0,0,5,0,0,0,0,0,,,,,,,,,,,,,,,
,41026,Advanced Software Development,6,6,,0,0,0,0,0,0,0,0,6,0,0,0,0,0,,,,,,,,,,,,,,,
,41075,Principles of Programming Languages,6,,,0,,,,,0,0,0,0,0,0,0,0,0,,,,,,,,,,,,,,,
,41076,Quantum Computing,6,,,,,,,,0,0,0,0,0,0,0,0,0,,,,,,,,,,,,,,,
,41077,Data Driven and Intelligent Robotics,6,,,0,,,,,0,0,0,0,0,0,0,0,0,,,,,,,,,,,,,,,
,41078,Computing Science Studio 1,6,,,0,,,,,3,3,3,3,3,3,3,3,3,,,,,,,,,,,,,,,
,41079,Computing Science Studio 2,6,,,,,,,,5,,5,5,5,5,5,5,5,,,,,,,,,,,,,,,
,41080,Theory of Computing Science,6,,,,,,,,4,4,4,4,4,4,4,4,4,,,,,,,,,,,,,,,
,41092,Network Fundamentals,6,3,,,2,2,2,2,3,3,3,3,3,3,3,3,3,,,,,,,,,,,,,,,
,41889,Application Development in the iOS Environment,6,0,,,0,0,0,0,0,0,0,0,0,0,0,0,0,,,,,,,,,,,,,,,
,41900,Security Fundamentals,6,0,,,0,0,0,3,0,0,4,0,0,0,0,0,4,,,,,,,,,,,,,,,
,42028,Deep Learning and Convolutional Neural Network,6,,,,,,,,0,0,0,0,0,0,0,0,0,,,,,,,,,,,,,,,
,42913,Social and Information Network Analysis,6,,,2,0,0,0,0,0,0,0,0,0,0,0,0,0,,,,,,,,,,,,,,,
,48023,Programming Fundamentals,6,1,,0,1,1,1,1,1,1,1,1,1,1,1,1,1,,,,,,,,,,,,,,,
,48024,Applications Programming,6,3,,0,0,2,0,0,3,3,3,3,3,3,3,3,3,,,,,,,,,,,,,,,
,48080,Introduction to Innovation,6,,,,,,,,,,,,,,,,,,,,,,,,,,,,,,,
,48270,Entrepreneurship and Commercialisation,6,,,0,0,0,0,0,0,0,0,0,0,0,0,0,0,,,,,,,,,,,,,,,
,48433,Software Architecture,6,4,,1,0,3,0,0,0,0,0,5,0,0,0,0,0,,,,,,,,,,,,,,,
,59330,Advertising Practice,6,,,0,,,,,,,,,,,,,,,,,,,,,,,,,,,,
,68101,Foundations of Physics,6,,,,,,,,,,,,,,,,,,,,,,,,,,,,,,,
,68201,Physics in Action,6,,,0,,,,,,,,,,,,,,,,,,,,,,,,,,,,
,68316,Applied Electronics and Interfacing,6,,,0,,,,,,,,,,,,,,,,,,,,,,,,,,,,
,68415,Measurement and Analysis of Physical Processes,6,,,,,,,,,,,,,,,,,,,,,,,,,,,,,,,
,70102,Foundations of Law,8,,,,,,,,,,,,,,,,,,,,,,,,,,,,,,,
,81511,Problems to Possibilities,8,,,,,,,,,,,,,,,,,,,,,,,,,,,,,,,
,81512,Creative Practice and Methods,8,,,,,,,,,,,,,,,,,,,,,,,,,,,,,,,
,81513,"Past, Present, Future of Innovation",8,,,,,,,,,,,,,,,,,,,,,,,,,,,,,,,
,81514,Creativity and Complexity,8,,,,,,,,,,,,,,,,,,,,,,,,,,,,,,,
,81515,Leading Innovationn,8,,,,,,,,,,,,,,,,,,,,,,,,,,,,,,,
,81516,Initiatives and Entrepreneurship,8,,,,,,,,,,,,,,,,,,,,,,,,,,,,,,,
,81521,Envisioning Futures,6,,,,,,,,,,,,,,,,,,,,,,,,,,,,,,,
,81522,Innovation Internship A,6,,,,,,,,,,,,,,,,,,,,,,,,,,,,,,,
,81523,Speculative Start-up,6,,,,,,,,,,,,,,,,,,,,,,,,,,,,,,,
,81524,Professional Practice at the Cutting Edge,6,,,,,,,,,,,,,,,,,,,,,,,,,,,,,,,
,81525,Innovation Internship B,6,,,,,,,,,,,,,,,,,,,,,,,,,,,,,,,
,81528,New Knowledge-making Lab,6,,,,,,,,,,,,,,,,,,,,,,,,,,,,,,,
,81531,Industry Innovation Project,12,,,,,,,,,,,,,,,,,,,,,,,,,,,,,,,
,81532,Creative Intelligence Capstonne,12,,,,,,,,,,,,,,,,,,,,,,,,,,,,,,,
,97101,Chinese Language and Culture 1,8,,,,,,,,,,,,,,,,,,,,,,,,,,,,,,,
,97102,Chinese Language and Culture 2,8,,,,,,,,,,,,,,,,,,,,,,,,,,,,,,,
,97103,Chinese Language and Culture 3,8,,,,,,,,,,,,,,,,,,,,,,,,,,,,,,,
,97104,Chinese Language and Culture 4,8,,,,,,,,,,,,,,,,,,,,,,,,,,,,,,,
,97105,Chinese Language and Culture 5,8,,,,,,,,,,,,,,,,,,,,,,,,,,,,,,,
,97106,Chinese Language and Culture 6,8,,,,,,,,,,,,,,,,,,,,,,,,,,,,,,,
,97109,Chinese Mass Media,8,,,,,,,,,,,,,,,,,,,,,,,,,,,,,,,
,97110,Twentieth Century Chinese Fiction,8,,,,,,,,,,,,,,,,,,,,,,,,,,,,,,,
,97111,Chinese Festivals and Ceremonies,8,,,,,,,,,,,,,,,,,,,,,,,,,,,,,,,
,97112,Chinese Film,8,,,,,,,,,,,,,,,,,,,,,,,,,,,,,,,
,97113,Chinese Culture and Heritage,8,,,,,,,,,,,,,,,,,,,,,,,,,,,,,,,
,97201,Japanese Language and Culture 1,8,,,,,,,,,,,,,,,,,,,,,,,,,,,,,,,
,97202,Japanese Language and Culture 2,8,,,,,,,,,,,,,,,,,,,,,,,,,,,,,,,
,97203,Japanese Language and Culture 3,8,,,,,,,,,,,,,,,,,,,,,,,,,,,,,,,
,97204,Japanese Language and Culture 4,8,,,,,,,,,,,,,,,,,,,,,,,,,,,,,,,
,97205,Japanese Language and Culture 5,8,,,,,,,,,,,,,,,,,,,,,,,,,,,,,,,
,97206,Japanese Language and Culture 6,8,,,,,,,,,,,,,,,,,,,,,,,,,,,,,,,
,97207,Japanese Films and Popular Culture,8,,,,,,,,,,,,,,,,,,,,,,,,,,,,,,,
,97208,Japanese Language and Identity,8,,,,,,,,,,,,,,,,,,,,,,,,,,,,,,,
,97209,Japanese Media and Current Issues,8,,,,,,,,,,,,,,,,,,,,,,,,,,,,,,,
,97210,Transcultural Communication in Japanese,8,,,,,,,,,,,,,,,,,,,,,,,,,,,,,,,
,97401,French Language and Culture 1,8,,,,,,,,,,,,,,,,,,,,,,,,,,,,,,,
,97402,French Language and Culture 2,8,,,,,,,,,,,,,,,,,,,,,,,,,,,,,,,
,97403,French Language and Culture 3,8,,,,,,,,,,,,,,,,,,,,,,,,,,,,,,,
,97404,French Language and Culture 4,8,,,,,,,,,,,,,,,,,,,,,,,,,,,,,,,
,97405,French Language and Culture 5,8,,,,,,,,,,,,,,,,,,,,,,,,,,,,,,,
,97406,French Language and Culture 6,8,,,,,,,,,,,,,,,,,,,,,,,,,,,,,,,
,97407,Francophone Identities in Conflict,8,,,,,,,,,,,,,,,,,,,,,,,,,,,,,,,
,97408,Show and Tell: Francophone Cultures on Display,8,,,,,,,,,,,,,,,,,,,,,,,,,,,,,,,
,97409,Francophone Cultures of Consumption,8,,,,,,,,,,,,,,,,,,,,,,,,,,,,,,,
,97410,Places and Spaces of the Francophone World,8,,,,,,,,,,,,,,,,,,,,,,,,,,,,,,,
,97501,Spanish Language and Culture 1,8,,,,,,,,,,,,,,,,,,,,,,,,,,,,,,,
,97502,Spanish Language and Culture 2,8,,,,,,,,,,,,,,,,,,,,,,,,,,,,,,,
,97503,Spanish Language and Culture 3,8,,,,,,,,,,,,,,,,,,,,,,,,,,,,,,,
,97504,Spanish Language and Culture 4,8,,,,,,,,,,,,,,,,,,,,,,,,,,,,,,,
,97505,Spanish Language and Culture 5,8,,,,,,,,,,,,,,,,,,,,,,,,,,,,,,,
,97506,Spanish Language and Culture 6,8,,,,,,,,,,,,,,,,,,,,,,,,,,,,,,,
,97507,Human Rights in Hispanophone Societies,8,,,,,,,,,,,,,,,,,,,,,,,,,,,,,,,
,97508,US Latin American Relations,8,,,,,,,,,,,,,,,,,,,,,,,,,,,,,,,
,97509,Spanish Language and Culture 9,8,,,,,,,,,,,,,,,,,,,,,,,,,,,,,,,
,976001,Foundations in International Studies,8,,,,,,,,,,,,,,,,,,,,,,,,,,,,,,,
,97601,German Language and Culture 1,8,,,,,,,,,,,,,,,,,,,,,,,,,,,,,,,
,97602,German Language and Culture 2,8,,,,,,,,,,,,,,,,,,,,,,,,,,,,,,,
,97603,German Language and Culture 3,8,,,,,,,,,,,,,,,,,,,,,,,,,,,,,,,
,97604,German Language and Culture 4,8,,,,,,,,,,,,,,,,,,,,,,,,,,,,,,,
,97605,German Today,8,,,,,,,,,,,,,,,,,,,,,,,,,,,,,,,
,97606,German Literature,8,,,,,,,,,,,,,,,,,,,,,,,,,,,,,,,
,97607,German Film,8,,,,,,,,,,,,,,,,,,,,,,,,,,,,,,,
,97608,German Popular Music,8,,,,,,,,,,,,,,,,,,,,,,,,,,,,,,,
,976111,Contemporary China,8,,,,,,,,,,,,,,,,,,,,,,,,,,,,,,,
,976211,Contemporary Japan,8,,,,,,,,,,,,,,,,,,,,,,,,,,,,,,,
,976411,Contemporary France,8,,,,,,,,,,,,,,,,,,,,,,,,,,,,,,,
,976421,Contemporary Germany,8,,,,,,,,,,,,,,,,,,,,,,,,,,,,,,,
,976431,Contemporary Italy,8,,,,,,,,,,,,,,,,,,,,,,,,,,,,,,,
,976502,Contemporary Latin(o) Americas,8,,,,,,,,,,,,,,,,,,,,,,,,,,,,,,,
,976602,Contemporary Canada (Quebec),8,,,,,,,,,,,,,,,,,,,,,,,,,,,,,,,
,977110,In-country Study 1: China,24,,,,,,,,,,,,,,,,,,,,,,,,,,,,,,,
,977210,In-country Study 1: Japan,24,,,,,,,,,,,,,,,,,,,,,,,,,,,,,,,
,977410,In-country Study 1: France,24,,,,,,,,,,,,,,,,,,,,,,,,,,,,,,,
,977420,In-country Study 1: Germany,24,,,,,,,,,,,,,,,,,,,,,,,,,,,,,,,
,977430,In-country Study 1: Italy,24,,,,,,,,,,,,,,,,,,,,,,,,,,,,,,,
,977450,In-country Study 1: Spain,24,,,,,,,,,,,,,,,,,,,,,,,,,,,,,,,
,977460,In-country Study 1: Switzerland,24,,,,,,,,,,,,,,,,,,,,,,,,,,,,,,,
,977520,In-country Study 1: Chile,24,,,,,,,,,,,,,,,,,,,,,,,,,,,,,,,
,977530,In-country Study 1: Mexico,24,,,,,,,,,,,,,,,,,,,,,,,,,,,,,,,
,977542,In-country Study 1: Argentina,24,,,,,,,,,,,,,,,,,,,,,,,,,,,,,,,
,977543,In-country Study 1: Canada,24,,,,,,,,,,,,,,,,,,,,,,,,,,,,,,,
,977620,In-country Study 1: Latino USA,24,,,,,,,,,,,,,,,,,,,,,,,,,,,,,,,
,977911,In-country Study 1: Colombia,24,,,,,,,,,,,,,,,,,,,,,,,,,,,,,,,
,977914,In-country Study 1: Costa Rica,24,,,,,,,,,,,,,,,,,,,,,,,,,,,,,,,
,977915,In-country Study 2: Costa Rica,24,,,,,,,,,,,,,,,,,,,,,,,,,,,,,,,
,97801,Italian Language and Culture 1,8,,,,,,,,,,,,,,,,,,,,,,,,,,,,,,,
,97802,Italian Language and Culture 2,8,,,,,,,,,,,,,,,,,,,,,,,,,,,,,,,
,97803,Italian Language and Culture 3,8,,,,,,,,,,,,,,,,,,,,,,,,,,,,,,,
,97804,Italian Language and Culture 4,8,,,,,,,,,,,,,,,,,,,,,,,,,,,,,,,
,97805,Italian Language and Culture 5,8,,,,,,,,,,,,,,,,,,,,,,,,,,,,,,,
,97806,Italian Language and Culture 6,8,,,,,,,,,,,,,,,,,,,,,,,,,,,,,,,
,97807,Italian Language and Culture 7,8,,,,,,,,,,,,,,,,,,,,,,,,,,,,,,,
,97808,Italian Language and Culture 8,8,,,,,,,,,,,,,,,,,,,,,,,,,,,,,,,
,978110,In-country Study 2: China,24,,,,,,,,,,,,,,,,,,,,,,,,,,,,,,,
,978210,In-country Study 2: Japan,24,,,,,,,,,,,,,,,,,,,,,,,,,,,,,,,
,978410,In-country Study 2: France,24,,,,,,,,,,,,,,,,,,,,,,,,,,,,,,,
,978420,In-country Study 2: Germany,24,,,,,,,,,,,,,,,,,,,,,,,,,,,,,,,
,978430,In-country Study 2: Italy,24,,,,,,,,,,,,,,,,,,,,,,,,,,,,,,,
,978450,In-country Study 2: Spain,24,,,,,,,,,,,,,,,,,,,,,,,,,,,,,,,
,978460,In-country Study 2: Switzerland,24,,,,,,,,,,,,,,,,,,,,,,,,,,,,,,,
,978520,In-country Study 2: Chile,24,,,,,,,,,,,,,,,,,,,,,,,,,,,,,,,
,978530,In-country Study 2: Mexico,24,,,,,,,,,,,,,,,,,,,,,,,,,,,,,,,
,978542,In-country Study 2: Argentina,24,,,,,,,,,,,,,,,,,,,,,,,,,,,,,,,
,978543,In-country Study 2: Canada,24,,,,,,,,,,,,,,,,,,,,,,,,,,,,,,,
,978620,In-country Study 2: Latino USA,24,,,,,,,,,,,,,,,,,,,,,,,,,,,,,,,
,978911,In-country Study 2: Colombia,24,,,,,,,,,,,,,,,,,,,,,,,,,,,,,,,
,131412,test,50,,,,,,,,,,,,,,,,,,,,,,,,,,,,,,,
,13992,Aboriginal Sydney Now,6,0,,,,,,,,,,,,,,,,,,,,,,,,,,,,,,
,79018,Advanced Commercial Law,6,0,,,,,,,,,,,,,,,,,,,,,,,,,,,,,,
,79606,Advanced Taxation Law,6,0,,,,,,,,,,,,,,,,,,,,,,,,,,,,,,
,31927,Application Development with .NET,6,0,,,0,0,0,0,0,0,0,0,0,0,0,0,0,,,,,,,,,,,,,,,
,36200,"Arguments, Evidence and Intuition",6,0,,,0,0,0,0,,,,,,,,,,,,,,,,,,,,,,,,
,79015,Banking Law,6,0,,,,,,,,,,,,,,,,,,,,,,,,,,,,,,
,31249,Computer Graphics Rendering Techniques,6,0,,,,,,,,,,,,,,,,,,,,,,,,,,,,,,
,48730,Cyber Security,6,0,,0,0,0,0,0,0,0,0,0,0,0,0,0,0,,,,,,,,,,,,,,,
,23115,Economics for Business,6,0,,0,,,,,,,,,,,,,,,,,,,,,,,,,,,,
,79026,Estate Planning (UG),6,0,,,,,,,,,,,,,,,,,,,,,,,,,,,,,,
,79013,Industrial and Labour Law,6,0,,,,,,,,,,,,,,,,,,,,,,,,,,,,,,
,79006,Intellectual Property Commercialisation,6,0,,0,,,,,,,,,,,,,,,,,,,,,,,,,,,,
,79603,International Business Transactions and the Law,6,0,,,,,,,,,,,,,,,,,,,,,,,,,,,,,,
,31261,Internetworking Project,6,0,,,0,0,0,6,0,0,7,0,0,0,0,0,0,,,,,,,,,,,,,,,
,70110,Introduction to Law,6,0,,,,,,,,,,,,,,,,,,,,,,,,,,,,,,
,79011,Marketing Law,6,0,,,,,,,,,,,,,,,,,,,,,,,,,,,,,,
,31030,Project,6,0,,,,,,,,,,,,,,,,,,,,,,,,,,,,,,
,79027,Retirement Planning (UG),6,0,,0,,,,,,,,,,,,,,,,,,,,,,,,,,,,
,41113,Software Development Studio 1,6,0,,,0,0,0,0,0,0,0,0,0,0,0,0,0,,,,,,,,,,,,,,,
,41114,Software Development Studio 2,6,0,,,0,0,0,0,0,0,0,0,0,0,0,0,0,,,,,,,,,,,,,,,
,32011,Multilayer Switched Networks,6,0,,,0,0,0,0,0,0,0,0,0,0,0,0,0,,,,,,,,,,,,,,,
,41040,Introduction to Artificial Intelligence,6,,,,,,,,,,,,4,,,,,,,,,,,,,,,,,,,
,41180,Emerging Topics in Cyber Security and Privacy,6,0,,0,0,0,0,0,0,0,0,0,0,0,0,0,7,,,,,,,,,,,,,,,
,32009,Advanced Routing Principles,6,0,,0,0,0,0,0,0,0,0,0,0,0,0,0,0,,,,,,,,,,,,,,,
,41181,Information Security and Management,6,,,0,,,,,,,,,,,,,4,,,,,,,,,,,,,,,
,41182,System Security,6,,,,,,,,,,,,,,,,5,,,,,,,,,,,,,,,
,41183,Privacy Preserving,6,,,0,,,,,,,,,,,,,6,,,,,,,,,,,,,,,
,41184,Secure Programming and Penetration Testing,6,,,0,,,,,,,,,,,,,7,,,,,,,,,,,,,,,
cbk,90083,Electives,6,,,,,,,,,,,,,,,,,,,,,,,,,,,,,,,
cbk,90494,Chinese Language and Culture,24,,,,,,,,,,,,,,,,,,,,,,,,,,,,,,,
cbk,90495,Japanese Language and Culture,24,,,,,,,,,,,,,,,,,,,,,,,,,,,,,,,
cbk,90497,French Language and Culture,24,,,,,,,,,,,,,,,,,,,,,,,,,,,,,,,
cbk,90498,Spanish Language and Cultur,24,,,,,,,,,,,,,,,,,,,,,,,,,,,,,,,
cbk,90499,German Language and Culture,24,,,,,,,,,,,,,,,,,,,,,,,,,,,,,,,
cbk,90500,Italian Language and Culture,24,,,,,,,,,,,,,,,,,,,,,,,,,,,,,,,
cbk,90743,Electives (Engineering),12,,,,,,,,,,,,,,,,,,,,,,,,,,,,,,,
cbk,90802,Options,24,,,,,,,,,,,,,,,,,,,,,,,,,,,,,,,
cbk,90955,Choice (Professional Engineering),12,,,,,,,,,,,,,,,,,,,,,,,,,,,,,,,
cbk,90966,Choice (Professional Engineering),30,,,,,,,,,,,,,,,,,,,,,,,,,,,,,,,
cbk,90967,Major choice (Engineering PG),42,,,,,,,,,,,,,,,,,,,,,,,,,,,,,,,
cbk,90968,No specified major choice,30,,,,,,,,,,,,,,,,,,,,,,,,,,,,,,,
cbk,90969,Biomedical Engineering choice,18,,,,,,,,,,,,,,,,,,,,,,,,,,,,,,,
cbk,90970,Civil Engineering choice,18,,,,,,,,,,,,,,,,,,,,,,,,,,,,,,,
cbk,90971,Geotechnical Engineering choice,18,,,,,,,,,,,,,,,,,,,,,,,,,,,,,,,
cbk,90972,Structural Engineering choice,18,,,,,,,,,,,,,,,,,,,,,,,,,,,,,,,
cbk,90973,Computer Control Engineering choice,18,,,,,,,,,,,,,,,,,,,,,,,,,,,,,,,
cbk,90974,Environmental Engineering choice,18,,,,,,,,,,,,,,,,,,,,,,,,,,,,,,,
cbk,90976,Manufacturing Engineering and Management choice,18,,,,,,,,,,,,,,,,,,,,,,,,,,,,,,,
cbk,90977,Operations Engineering choice,18,,,,,,,,,,,,,,,,,,,,,,,,,,,,,,,
cbk,90978,Software Systems Engineering choice,18,,,,,,,,,,,,,,,,,,,,,,,,,,,,,,,
cbk,90980,Telecommunications and Electronics choice,18,,,,,,,,,,,,,,,,,,,,,,,,,,,,,,,
cbk,90981,Water Engineering choice,18,,,,,,,,,,,,,,,,,,,,,,,,,,,,,,,
cbk,90982,Choice (Professional Engineering),6,,,,,,,,,,,,,,,,,,,,,,,,,,,,,,,
cbk,91015,Major choice (Engineering PG),42,,,,,,,,,,,,,,,,,,,,,,,,,,,,,,,
cbk,91025,Electives (Information Technology),18,,,,,,,,,,,,,,,,,,,,,,,,,,,,,,,
cbk,91037,Choice (No specified major),30,,,,,,,,,,,,,,,,,,,,,,,,,,,,,,,
cbk,91038,Options (BIS),18,,,,,,,,,,,,,,,,,,,,,,,,,,,,,,,
cbk,91039,Options (Internetworking),18,,,,,,,,,,,,,,,,,,,,,,,,,,,,,,,
cbk,91040,Options (Data Analytics),18,,,,,,,,,,,,,,,,,,,,,,,,,,,,,,,
cbk,91041,Options (Multimedia),18,,,,,,,,,,,,,,,,,,,,,,,,,,,,,,,
cbk,91042,Options (Software development),18,,,,,,,,,,,,,,,,,,,,,,,,,,,,,,,
cbk,91043,Choice (No specific major),36,,,,,,,,,,,,,,,,,,,,,,,,,,,,,,,
cbk,91044,Elective (Information Technology),6,,,,,,,,,,,,,,,,,,,,,,,,,,,,,,,
cbk,91045,Electives (Information Technology),12,,,,,,,,,,,,,,,,,,,,,,,,,,,,,,,
cbk,91046,Major choice (IT),36,,,,,,,,,,,,,,,,,,,,,,,,,,,,,,,
cbk,91047,IT Project + Elective choice,18,,,,,,,,,,,,,,,,,,,,,,,,,,,,,,,
cbk,91048,Options (BIS),24,,,,,,,,,,,,,,,,,,,,,,,,,,,,,,,
cbk,91049,Options (Internetworking),24,,,,,,,,,,,,,,,,,,,,,,,,,,,,,,,
cbk,91050,Options (Data Analytics),24,,,,,,,,,,,,,,,,,,,,,,,,,,,,,,,
cbk,91051,Options (Multimedia),24,,,,,,,,,,,,,,,,,,,,,,,,,,,,,,,
cbk,91052,Options (Software development),24,,,,,,,,,,,,,,,,,,,,,,,,,,,,,,,
cbk,91053,Sub-major choice (IT),24,,,,,,,,,,,,,,,,,,,,,,,,,,,,,,,
cbk,91054,Choice (No specified sub-major),24,,,,,,,,,,,,,,,,,,,,,,,,,,,,,,,
cbk,91055,Options (BIS),12,,,,,,,,,,,,,,,,,,,,,,,,,,,,,,,
cbk,91056,Options (Internetworking),12,,,,,,,,,,,,,,,,,,,,,,,,,,,,,,,
cbk,91057,Options (Data Analytics),12,,,,,,,,,,,,,,,,,,,,,,,,,,,,,,,
cbk,91058,Options (Multimedia),12,,,,,,,,,,,,,,,,,,,,,,,,,,,,,,,
cbk,91059,Options (Software development),12,,,,,,,,,,,,,,,,,,,,,,,,,,,,,,,
cbk,91060,Research Project choice,48,,,,,,,,,,,,,,,,,,,,,,,,,,,,,,,
cbk,91061,Major choice (IT),30,,,,,,,,,,,,,,,,,,,,,,,,,,,,,,,
cbk,91085,Internetworking choice,36,,,,,,,,,,,,,,,,,,,,,,,,,,,,,,,
cbk,91086,Research choice,6,,,,,,,,,,,,,,,,,,,,,,,,,,,,,,,
cbk,91087,Internetworking core options,6,,,,,,,,,,,,,,,,,,,,,,,,,,,,,,,
cbk,91732, Choice (Interaction Design),24,,,,,,,,,,,,,,,,,,,,,,,,,,,,,,,
cbk,91733,Graduate Research Project + Elective option,24,,,,,,,,,,,,,,,,,,,,,,,,,,,,,,,
cbk,91737,Electives,24,,,,,,,,,,,,,,,,,,,,,,,,,,,,,,,
cbk,91738,Electives,12,,,,,,,,,,,,,,,,,,,,,,,,,,,,,,,
cbk,91739,Extension choice (Interaction Design),24,,,,,,,,,,,,,,,,,,,,,,,,,,,,,,,
cbk,91743,Cyber Security choice,24,,,,,,,,,,,,,,,,,,,,,,,,,,,,,,,
cbk,91744,Cyber Security choice,12,,,,,,,,,,,,,,,,,,,,,,,,,,,,,,,
cbk,91745,Cyber Security choice,18,,,,,,,,,,,,,,,,,,,,,,,,,,,,,,,
cbk,91747,Cyber Security Engineering choice,18,,,,,,,,,,,,,,,,,,,,,,,,,,,,,,,
cbk,91787,Structural Engineering core,12,,,,,,,,,,,,,,,,,,,,,,,,,,,,,,,
cbk,91788,Civil Engineering core,12,,,,,,,,,,,,,,,,,,,,,,,,,,,,,,,
cbk,91789,Geotechnical Engineering core,12,,,,,,,,,,,,,,,,,,,,,,,,,,,,,,,
cbk,91823,Stream choice (Information Systems),24,,,,,,,,,,,,,,,,,,,,,,,,,,,,,,,
cbk,91824,Choice (Complex Systems),12,,,,,,,,,,,,,,,,,,,,,,,,,,,,,,,
cbk,91849,Configurable Choice 1,24,,,,,,,,,,,,,,,,,,,,,,,,,,,,,,,
cbk,91850,Professional-focused choice,48,,,,,,,,,,,,,,,,,,,,,,,,,,,,,,,
cbk,91854,Configurable Choice 2,24,,,,,,,,,,,,,,,,,,,,,,,,,,,,,,,
cbk,91868,Communities of Practice-focused choice,24,,,,,,,,,,,,,,,,,,,,,,,,,,,,,,,
cbk,91869,Scientific Thinking choice,24,,,,,,,,,,,,,,,,,,,,,,,,,,,,,,,
cbk,91870,Technology-focused choice,24,,,,,,,,,,,,,,,,,,,,,,,,,,,,,,,
cbk,91873,Electrical Energy Systems choice,18,,,,,,,,,,,,,,,,,,,,,,,,,,,,,,,
cbk,91881,Leading Learning and Innovation choice,6,,,,,,,,,,,,,,,,,,,,,,,,,,,,,,,
maj,2082,Business Information Systems,,,,,,,,,,,,,,,,,,,,,,,,,,,,,,,,
maj,2083,Internetworking,,,,,,,,,,,,,,,,,,,,,,,,,,,,,,,,
maj,2084,Data Analytics,,,,,,,,,,,,,,,,,,,,,,,,,,,,,,,,
maj,2085,Interactive Media,,,,,,,,,,,,,,,,,,,,,,,,,,,,,,,,
maj,2087,Business Information Systems,,,,,,,,,,,,,,,,,,,,,,,,,,,,,,,,
maj,2088,Internetworking,,,,,,,,,,,,,,,,,,,,,,,,,,,,,,,,
maj,2089,Data Analytics,,,,,,,,,,,,,,,,,,,,,,,,,,,,,,,,
maj,2090,Interactive Media,,,,,,,,,,,,,,,,,,,,,,,,,,,,,,,,
maj,2091,Software Development,,,,,,,,,,,,,,,,,,,,,,,,,,,,,,,,
maj,2093,Cyber Security,,,,,,,,,,,,,,,,,,,,,,,,,,,,,,,,
maj,2094,Cyber Security,,,,,,,,,,,,,,,,,,,,,,,,,,,,,,,,
maj,3476,Biomedical Engineering,42,,,,,,,,,,,,,,,,,,,,,,,,,,,,,,,
maj,3477,Civil Engineering,42,,,,,,,,,,,,,,,,,,,,,,,,,,,,,,,
maj,3478,Geotechnical Engineering,42,,,,,,,,,,,,,,,,,,,,,,,,,,,,,,,
maj,3479,Structural Engineering,42,,,,,,,,,,,,,,,,,,,,,,,,,,,,,,,
maj,3481,Computer Control Engineering,42,,,,,,,,,,,,,,,,,,,,,,,,,,,,,,,
maj,3482,Environmental Engineering,42,,,,,,,,,,,,,,,,,,,,,,,,,,,,,,,
maj,3484,Manufacturing Engineering and Management,42,,,,,,,,,,,,,,,,,,,,,,,,,,,,,,,
maj,3485,Operations,42,,,,,,,,,,,,,,,,,,,,,,,,,,,,,,,
maj,3486,Software Systems Engineering,42,,,,,,,,,,,,,,,,,,,,,,,,,,,,,,,
maj,3488,Telecommunications and Electronics,42,,,,,,,,,,,,,,,,,,,,,,,,,,,,,,,
maj,3489,Water Engineering,42,,,,,,,,,,,,,,,,,,,,,,,,,,,,,,,
maj,3528,Cyber Security Engineering,42,,,,,,,,,,,,,,,,,,,,,,,,,,,,,,,
maj,3531,Robotics,42,,,,,,,,,,,,,,,,,,,,,,,,,,,,,,,
maj,3535,Electrical Energy Systems,42,,,,,,,,,,,,,,,,,,,,,,,,,,,,,,,
maj ,2086,Software Development,,,,,,,,,,,,,,,,,,,,,,,,,,,,,,,,
smj,1052,Creative Writing,24,,,,,,,,,,,,,,,,,,,,,,,,,,,,,,,
smj,1053,Professional Writing,24,,,,,,,,,,,,,,,,,,,,,,,,,,,,,,,
smj,2038,Information Technology,24,,,,,,,,,,,,,,,,,,,,,,,,,,,,,,,
smj,8037,Operations and Supply Chain,24,,,,,,,,,,,,,,,,,,,,,,,,,,,,,,,
smj,8038,Strategic Management,24,,,,,,,,,,,,,,,,,,,,,,,,,,,,,,,
smj,8066,Human Resources Management,24,,,,,,,,,,,,,,,,,,,,,,,,,,,,,,,
smj,8075,Engineering Management,24,,,,,,,,,,,,,,,,,,,,,,,,,,,,,,,
smj,8098,Accounting Information Systems,24,,,,,,,,,,,,,,,,,,,,,,,,,,,,,,,
smj,8148,International Business,24,,,,,,,,,,,,,,,,,,,,,,,,,,,,,,,
smj,8153,Strategic Communication,24,,,,,,,,,,,,,,,,,,,,,,,,,,,,,,,
smj,8155,Sport Management,24,,,,,,,,,,,,,,,,,,,,,,,,,,,,,,,
smj,8184,Strategic Marketing,24,,,,,,,,,,,,,,,,,,,,,,,,,,,,,,,
smj,8201,Marketing Research,24,,,,,,,,,,,,,,,,,,,,,,,,,,,,,,,
smj,8202,Finance,24,,,,,,,,,,,,,,,,,,,,,,,,,,,,,,,
smj,8207,Marketing,24,,,,,,,,,,,,,,,,,,,,,,,,,,,,,,,
smj,8208,Management,24,,,,,,,,,,,,,,,,,,,,,,,,,,,,,,,
smj,8209,Not-for-Profit and Social Enterprise Management,24,,,,,,,,,,,,,,,,,,,,,,,,,,,,,,,
smj,8213,Event Management,24,,,,,,,,,,,,,,,,,,,,,,,,,,,,,,,
smj,9035,Language other than English,24,,,,,,,,,,,,,,,,,,,,,,,,,,,,,,,
smj,9037,Business Law,24,,,,,,,,,,,,,,,,,,,,,,,,,,,,,,,
smj,10028,International Exchange,24,,,,,,,,,,,,,,,,,,,,,,,,,,,,,,,
smj,10069,Business Information Systems,24,,,,,,,,,,,,,,,,,,,,,,,,,,,,,,,
smj,10070,Internetworking,24,,,,,,,,,,,,,,,,,,,,,,,,,,,,,,,
smj,10071,Data Analytics,24,,,,,,,,,,,,,,,,,,,,,,,,,,,,,,,
smj,10072,Interactive Media,24,,,,,,,,,,,,,,,,,,,,,,,,,,,,,,,
smj,10073,Software Development,24,,,,,,,,,,,,,,,,,,,,,,,,,,,,,,,
smj,10087,Sustainable Enterprise and Responsible Management,24,,,,,,,,,,,,,,,,,,,,,,,,,,,,,,,
smj,10093,Cyber Security,24,,,,,,,,,,,,,,,,,,,,,,,,,,,,,,,
smj,10099,Adaptive Leadership,24,,,,,,,,,,,,,,,,,,,,,,,,,,,,,,,
smj,10100,Quality Management,24,,,,,,,,,,,,,,,,,,,,,,,,,,,,,,,
smj,10102,Logistics,24,,,,,,,,,,,,,,,,,,,,,,,,,,,,,,,
smj,10103,Project Leadership,24,,,,,,,,,,,,,,,,,,,,,,,,,,,,,,,
smj,10104,Biomedical Engineering,24,,,,,,,,,,,,,,,,,,,,,,,,,,,,,,,
smj,10105,Systems Management,24,,,,,,,,,,,,,,,,,,,,,,,,,,,,,,,
smj,10106,Managing Enterprises,24,,,,,,,,,,,,,,,,,,,,,,,,,,,,,,,
smj,10107,Interaction Design,24,,,,,,,,,,,,,,,,,,,,,,,,,,,,,,,
smj,10108,Data Analytics,24,,,,,,,,,,,,,,,,,,,,,,,,,,,,,,,
smj,10109,Business Information Systems,24,,,,,,,,,,,,,,,,,,,,,,,,,,,,,,,
smj,10110,Internetworking,24,,,,,,,,,,,,,,,,,,,,,,,,,,,,,,,
smj,10111,Software Development,24,,,,,,,,,,,,,,,,,,,,,,,,,,,,,,,
smj,10112,Cyber Security,24,,,,,,,,,,,,,,,,,,,,,,,,,,,,,,,
smj,10113,Industry 4.0,24,,,,,,,,,,,,,,,,,,,,,,,,,,,,,,,
smj,10115,Fostering Learning Practices,24,,,,,,,,,,,,,,,,,,,,,,,,,,,,,,,
smj,10116,Leading Learning and Innovation,24,,,,,,,,,,,,,,,,,,,,,,,,,,,,,,,
smj,10118,Business Administration,24,,,,,,,,,,,,,,,,,,,,,,,,,,,,,,,
smj,10123,Scientific Design,24,,,,,,,,,,,,,,,,,,,,,,,,,,,,,,,
smj,10148,Architecture Design,24,,,,,,,,,,,,,,,,,,,,,,,,,,,,,,,
stm,90695,Core subjects,24,,,,,,,,,,,,,,,,,,,,,,,,,,,,,,,
stm,90859,Project stream,12,,,,,,,,,,,,,,,,,,,,,,,,,,,,,,,
stm,90867,Professional Engineering stream,42,,,,,,,,,,,,,,,,,,,,,,,,,,,,,,,
stm,90868,No specified major stream,42,,,,,,,,,,,,,,,,,,,,,,,,,,,,,,,
stm,90869,Biomedical Engineering core,12,,,,,,,,,,,,,,,,,,,,,,,,,,,,,,,
stm,90874,Computer Control Engineering core,12,,,,,,,,,,,,,,,,,,,,,,,,,,,,,,,
stm,90875,Environmental Engineering core,12,,,,,,,,,,,,,,,,,,,,,,,,,,,,,,,
stm,90877,Manufacturing Engineering and Management core,12,,,,,,,,,,,,,,,,,,,,,,,,,,,,,,,
stm,90878,Operations Engineering core,12,,,,,,,,,,,,,,,,,,,,,,,,,,,,,,,
stm,90879,Software Systems Engineering core,12,,,,,,,,,,,,,,,,,,,,,,,,,,,,,,,
stm,90881,Telecommunications and Electronics core,12,,,,,,,,,,,,,,,,,,,,,,,,,,,,,,,
stm,90882,Water Engineering core,12,,,,,,,,,,,,,,,,,,,,,,,,,,,,,,,
stm,90883,Professional Engineering stream,18,,,,,,,,,,,,,,,,,,,,,,,,,,,,,,,
stm,90968,Core stream (IT),,,,,,,,,,,,,,,,,,,,,,,,,,,,,,,,
stm,90974,Core subjects (BIS),,,,,,,,,,,,,,,,,,,,,,,,,,,,,,,,
stm,90979,Professional stream (IT),,,,,,,,,,,,,,,,,,,,,,,,,,,,,,,,
stm,90982,Project + three electives (one session),,,,,,,,,,,,,,,,,,,,,,,,,,,,,,,,
stm,90983,Project + one elective (two sessions),,,,,,,,,,,,,,,,,,,,,,,,,,,,,,,,
stm,91026,Internetworking core,30,,,,,,,,,,,,,,,,,,,,,,,,,,,,,,,
stm,91028,IT Project + Elective stream 1,,,,,,,,,,,,,,,,,,,,,,,,,,,,,,,,
stm,91029,IT Project + Elective stream 2,,,,,,,,,,,,,,,,,,,,,,,,,,,,,,,,
stm,91030,IT Project + Elective stream 3,,,,,,,,,,,,,,,,,,,,,,,,,,,,,,,,
stm,91195,Professional stream (Internetworking),24,,,,,,,,,,,,,,,,,,,,,,,,,,,,,,,
stm,91221,Core subjects A (Interaction Design),24,,,,,,,,,,,,,,,,,,,,,,,,,,,,,,,
stm,91222,Core subjects B (Interaction Design),24,,,,,,,,,,,,,,,,,,,,,,,,,,,,,,,
stm,91223,Graduate Research Project,24,,,,,,,,,,,,,,,,,,,,,,,,,,,,,,,
stm,91224,Graduate Research Project + Elective,24,,,,,,,,,,,,,,,,,,,,,,,,,,,,,,,
stm,91225,Data Analytics,24,,,,,,,,,,,,,,,,,,,,,,,,,,,,,,,
stm,91226,Games Design,24,,,,,,,,,,,,,,,,,,,,,,,,,,,,,,,
stm,91227,Interaction Programming,24,,,,,,,,,,,,,,,,,,,,,,,,,,,,,,,
stm,91237,Cyber Security Engineering core,12,,,,,,,,,,,,,,,,,,,,,,,,,,,,,,,
stm,91377,Complex Systems core,12,,,,,,,,,,,,,,,,,,,,,,,,,,,,,,,
stm,91378,Complex Systems stream,24,,,,,,,,,,,,,,,,,,,,,,,,,,,,,,,
stm,91387,Core Studios stream,24,,,,,,,,,,,,,,,,,,,,,,,,,,,,,,,
stm,91404,Core Studios stream,24,,,,,,,,,,,,,,,,,,,,,,,,,,,,,,,
stm,91405,Technology and Communities-focused,48,,,,,,,,,,,,,,,,,,,,,,,,,,,,,,,
stm,91412,Electrical Energy Systems core,12,,,,,,,,,,,,,,,,,,,,,,,,,,,,,,,
stm,91415,Genomics and Bioinformatics stream,18,,,,,,,,,,,,,,,,,,,,,,,,,,,,,,,
stm,91416,Microfluidics and 3D Bioprinting stream,18,,,,,,,,,,,,,,,,,,,,,,,,,,,,,,,
stm,91417,Bio-Instrumentation stream,18,,,,,,,,,,,,,,,,,,,,,,,,,,,,,,,
stm,91981,Project + three electives (two sessions),,,,,,,,,,,,,,,,,,,,,,,,,,,,,,,,
stm,90975,Core subjects (Internetworking),,,,,,,,,,,,,,,,,,,,,,,,,,,,,,,,
stm,90976,Core subjects (Data Analytics),,,,,,,,,,,,,,,,,,,,,,,,,,,,,,,,
stm,90977,Core subjects (Multimedia),,,,,,,,,,,,,,,,,,,,,,,,,,,,,,,,
stm,90978,Core subjects (Software Development),,,,,,,,,,,,,,,,,,,,,,,,,,,,,,,,
stm,91234,Cyber Security core subjects,,,,,,,,,,,,,,,,,,,,,,,,,,,,,,,,
xbk,08104-1,,18,,,,,,,,,,,,,,,,,,,,,,,,,,,,,,,
xbk,10099-1,,12,,,,,,,,,,,,,,,,,,,,,,,,,,,,,,,
xbk,10102-1,,6,,,,,,,,,,,,,,,,,,,,,,,,,,,,,,,
xbk,10103-1,,24,,,,,,,,,,,,,,,,,,,,,,,,,,,,,,,
xbk,10104-1,,18,,,,,,,,,,,,,,,,,,,,,,,,,,,,,,,
xbk,10108-1,,12,,,,,,,,,,,,,,,,,,,,,,,,,,,,,,,
xbk,10109-1,,12,,,,,,,,,,,,,,,,,,,,,,,,,,,,,,,
xbk,10110-1,,12,,,,,,,,,,,,,,,,,,,,,,,,,,,,,,,
xbk,10111-1,,6,,,,,,,,,,,,,,,,,,,,,,,,,,,,,,,
xbk,10112-1,,6,,,,,,,,,,,,,,,,,,,,,,,,,,,,,,,
xbk,10118-1,,24,,,,,,,,,,,,,,,,,,,,,,,,,,,,,,,
xbk,10123-1,,18,,,,,,,,,,,,,,,,,,,,,,,,,,,,,,,
xbk,10148-1,,24,,,,,,,,,,,,,,,,,,,,,,,,,,,,,,,
xbk,10152-1,,24,,,,,,,,,,,,,,,,,,,,,,,,,,,,,,,
xbk,1053-1,,24,,,,,,,,,,,,,,,,,,,,,,,,,,,,,,,
xbk,20308-1,,24,,,,,,,,,,,,,,,,,,,,,,,,,,,,,,,
xbk,3531-1,,12,,,,,,,,,,,,,,,,,,,,,,,,,,,,,,,
xbk,8037-1,,12,,,,,,,,,,,,,,,,,,,,,,,,,,,,,,,
xbk,8038-1,,24,,,,,,,,,,,,,,,,,,,,,,,,,,,,,,,
xbk,8075-1,,24,,,,,,,,,,,,,,,,,,,,,,,,,,,,,,,
xbk,8155-1,,24,,,,,,,,,,,,,,,,,,,,,,,,,,,,,,,
xbk,8202-1,,24,,,,,,,,,,,,,,,,,,,,,,,,,,,,,,,
xbk,8207-1,,12,,,,,,,,,,,,,,,,,,,,,,,,,,,,,,,
xbk,8213-1,,24,,,,,,,,,,,,,,,,,,,,,,,,,,,,,,,
xbk,9035-1,,24,,,,,,,,,,,,,,,,,,,,,,,,,,,,,,,
xbk,9037-1,,24,,,,,,,,,,,,,,,,,,,,,,,,,,,,,,,
xbk,90494-1,,24,,,,,,,,,,,,,,,,,,,,,,,,,,,,,,,
xbk,90495-1,,24,,,,,,,,,,,,,,,,,,,,,,,,,,,,,,,
xbk,90497-1,,24,,,,,,,,,,,,,,,,,,,,,,,,,,,,,,,
xbk,90498-1,,24,,,,,,,,,,,,,,,,,,,,,,,,,,,,,,,
xbk,90499-1,,24,,,,,,,,,,,,,,,,,,,,,,,,,,,,,,,
xbk,90500-1,,24,,,,,,,,,,,,,,,,,,,,,,,,,,,,,,,
xbk,90743-1,,12,,,,,,,,,,,,,,,,,,,,,,,,,,,,,,,
xbk,90802-1,,24,,,,,,,,,,,,,,,,,,,,,,,,,,,,,,,
xbk,90955-1,,12,,,,,,,,,,,,,,,,,,,,,,,,,,,,,,,
xbk,90966-1,,30,,,,,,,,,,,,,,,,,,,,,,,,,,,,,,,
xbk,90975-1,,6,,,,,,,,,,,,,,,,,,,,,,,,,,,,,,,
xbk,90979-1,,6,,,,,,,,,,,,,,,,,,,,,,,,,,,,,,,
xbk,90980-1,,18,,,,,,,,,,,,,,,,,,,,,,,,,,,,,,,
xbk,90982-1,,6,,,,,,,,,,,,,,,,,,,,,,,,,,,,,,,
xbk,91025-1,,18,,,,,,,,,,,,,,,,,,,,,,,,,,,,,,,
xbk,91037-1,,30,,,,,,,,,,,,,,,,,,,,,,,,,,,,,,,
xbk,91038-1,,18,,,,,,,,,,,,,,,,,,,,,,,,,,,,,,,
xbk,91039-1,,18,,,,,,,,,,,,,,,,,,,,,,,,,,,,,,,
xbk,91040-1,,18,,,,,,,,,,,,,,,,,,,,,,,,,,,,,,,
xbk,91041-1,,18,,,,,,,,,,,,,,,,,,,,,,,,,,,,,,,
xbk,91042-1,,18,,,,,,,,,,,,,,,,,,,,,,,,,,,,,,,
xbk,91043-1,,36,,,,,,,,,,,,,,,,,,,,,,,,,,,,,,,
xbk,91044-1,,6,,,,,,,,,,,,,,,,,,,,,,,,,,,,,,,
xbk,91045-1,,12,,,,,,,,,,,,,,,,,,,,,,,,,,,,,,,
xbk,91048-1,,24,,,,,,,,,,,,,,,,,,,,,,,,,,,,,,,
xbk,91049-1,,24,,,,,,,,,,,,,,,,,,,,,,,,,,,,,,,
xbk,91050-1,,24,,,,,,,,,,,,,,,,,,,,,,,,,,,,,,,
xbk,91051-1,,24,,,,,,,,,,,,,,,,,,,,,,,,,,,,,,,
xbk,91052-1,,24,,,,,,,,,,,,,,,,,,,,,,,,,,,,,,,
xbk,91054-1,,24,,,,,,,,,,,,,,,,,,,,,,,,,,,,,,,
xbk,91055-1,,12,,,,,,,,,,,,,,,,,,,,,,,,,,,,,,,
xbk,91056-1,,12,,,,,,,,,,,,,,,,,,,,,,,,,,,,,,,
xbk,91057-1,,12,,,,,,,,,,,,,,,,,,,,,,,,,,,,,,,
xbk,91058-1,,12,,,,,,,,,,,,,,,,,,,,,,,,,,,,,,,
xbk,91059-1,,12,,,,,,,,,,,,,,,,,,,,,,,,,,,,,,,
xbk,91085-1,,36,,,,,,,,,,,,,,,,,,,,,,,,,,,,,,,
xbk,91086-1,,6,,,,,,,,,,,,,,,,,,,,,,,,,,,,,,,
xbk,91087-1,,6,,,,,,,,,,,,,,,,,,,,,,,,,,,,,,,
xbk,91225-1,,12,,,,,,,,,,,,,,,,,,,,,,,,,,,,,,,
xbk,91226-1,,6,,,,,,,,,,,,,,,,,,,,,,,,,,,,,,,
xbk,91226-2,,12,,,,,,,,,,,,,,,,,,,,,,,,,,,,,,,
xbk,91227-1,,12,,,,,,,,,,,,,,,,,,,,,,,,,,,,,,,
xbk,91387-1,,12,,,,,,,,,,,,,,,,,,,,,,,,,,,,,,,
xbk,91404-1,,12,,,,,,,,,,,,,,,,,,,,,,,,,,,,,,,
xbk,91743-1,,24,,,,,,,,,,,,,,,,,,,,,,,,,,,,,,,
xbk,91744-1,,12,,,,,,,,,,,,,,,,,,,,,,,,,,,,,,,
xbk,91745-1,,18,,,,,,,,,,,,,,,,,,,,,,,,,,,,,,,
xbk,91747-1,,18,,,,,,,,,,,,,,,,,,,,,,,,,,,,,,,
xbk,91788-1,,12,,,,,,,,,,,,,,,,,,,,,,,,,,,,,,,
xbk,91789-1,,12,,,,,,,,,,,,,,,,,,,,,,,,,,,,,,,
xbk,91824-1,,12,,,,,,,,,,,,,,,,,,,,,,,,,,,,,,,
xbk,91849-1,,24,,,,,,,,,,,,,,,,,,,,,,,,,,,,,,,
xbk,91854-1,,24,,,,,,,,,,,,,,,,,,,,,,,,,,,,,,,
xbk,91869-1,,24,,,,,,,,,,,,,,,,,,,,,,,,,,,,,,,
xbk,91881-1,,6,,,,,,,,,,,,,,,,,,,,,,,,,,,,,,,
xbk,90879-1,,6,,,,,,,,,,,,,,,,,,,,,,,,,,,,,,,
xbk,90968-1,,30,,,,,,,,,,,,,,,,,,,,,,,,,,,,,,,
xbk,90970-1,,18,,,,,,,,,,,,,,,,,,,,,,,,,,,,,,,
xbk,90971-1,,18,,,,,,,,,,,,,,,,,,,,,,,,,,,,,,,
xbk,90972-1,,18,,,,,,,,,,,,,,,,,,,,,,,,,,,,,,,
xbk,90973-1,,18,,,,,,,,,,,,,,,,,,,,,,,,,,,,,,,
xbk,90974-1,,18,,,,,,,,,,,,,,,,,,,,,,,,,,,,,,,
xbk,90976-1,,18,,,,,,,,,,,,,,,,,,,,,,,,,,,,,,,
xbk,90977-1,,18,,,,,,,,,,,,,,,,,,,,,,,,,,,,,,,
xbk,90978-1,,18,,,,,,,,,,,,,,,,,,,,,,,,,,,,,,,
xbk,90981-1,,18,,,,,,,,,,,,,,,,,,,,,,,,,,,,,,,
xbk,91787-1,,12,,,,,,,,,,,,,,,,,,,,,,,,,,,,,,,
xbk,91850-1,,48,,,,,,,,,,,,,,,,,,,,,,,,,,,,,,,
xbk,1052-1,,24,,,,,,,,,,,,,,,,,,,,,,,,,,,,,,,
xbk,2038-1,,24,,,,,,,,,,,,,,,,,,,,,,,,,,,,,,,
xbk,8184-1,,24,,,,,,,,,,,,,,,,,,,,,,,,,,,,,,,
,13162,Organisational Learning,6,,,,,,,,,,,,,,,,,,,,,,,,,,,,,,,
,13220,Launching Learning,6,,,,,,,,,,,,,,,,,,,,,,,,,,,,,,,
,13221,Learning in the Digital Age,6,,,,,,,,,,,,,,,,,,,,,,,,,,,,,,,
,13222,Designing Innovative Learning,6,,,,,,,,,,,,,,,,,,,,,,,,,,,,,,,
,13223,Professional Learning and Practice,6,,,,,,,,,,,,,,,,,,,,,,,,,,,,,,,
,13224,Navigating Policy in Changing Environments,6,,,,,,,,,,,,,,,,,,,,,,,,,,,,,,,
,13225,Leading Learning,6,,,,,,,,,,,,,,,,,,,,,,,,,,,,,,,
,13226,Leading Innovative Practices,6,,,,,,,,,,,,,,,,,,,,,,,,,,,,,,,
,13227,Evaluating Learning and Innovation,6,,,,,,,,,,,,,,,,,,,,,,,,,,,,,,,
,21008,Applied Management Consulting,6,,,,,,,,,,,,,,,,,,,,,,,,,,,,,,,
,21012,Governance and Sustainability,6,,,,,,,,,,,,,,,,,,,,,,,,,,,,,,,
,21702,Industrial Relations,6,,,,,,,,,,,,,,,,,,,,,,,,,,,,,,,
,21717,Managing in International Contexts,6,,,,,,,,,,,,,,,,,,,,,,,,,,,,,,,
,21720,Human Resource Management,6,,,,,,,,,,,,,,,,,,,,,,,,,,,,,,,
,21741,Operations and Quality Management,6,,,,,,,,,,,,,,,,,,,,,,,,,,,,,,,
,21745,Services and Network Productivity with Data Analytics,6,,,,,,,,,,,,,,,,,,,,,,,,,,,,,,,
,21767,Contemporary Contexts for Not-for-Profit and Social Enterprise,6,,,,,,,,,,,,,,,,,,,,,,,,,,,,,,,
,21778,Fundraising and Revenue Streams for Events and Not-for-Profits,6,,,,,,,,,,,,,,,,,,,,,,,,,,,,,,,
,21797,Strategic Supply Chain Management,6,,,,,,,,,,,,,,,,,,,,,,,,,,,,,,,
,21811,Global Strategic Management,6,,,,,,,,,,,,,,,,,,,,,,,,,,,,,,,
,21817,Volunteer Management,6,,,,,,,,,,,,,,,,,,,,,,,,,,,,,,,
,21832,Managing for Sustainability,6,,,,,,,,,,,,,,,,,,,,,,,,,,,,,,,
,21854,"Problem Solving, Creativity and Solution Setting",6,,,,,,,,,,,,,,,,,,,,,,,,,,,,,,,
,21877,Strategic Procurement,6,,,,,,,,,,,,,,,,,,,,,,,,,,,,,,,
,21879,Measuring Social Impact,6,,,,,,,,,,,,,,,,,,,,,,,,,,,,,,,
,21883,Diversity and Inclusion,3,,,,,,,,,,,,,,,,,,,,,,,,,,,,,,,
,21884,Managing Change,3,,,,,,,,,,,,,,,,,,,,,,,,,,,,,,,
,21887,People Analytics,3,,,,,,,,,,,,,,,,,,,,,,,,,,,,,,,
,21888,Future of Work,3,,,,,,,,,,,,,,,,,,,,,,,,,,,,,,,
,21918,Sport Business,6,,,,,,,,,,,,,,,,,,,,,,,,,,,,,,,
,21920,Sport Governance and Integrity,6,,,,,,,,,,,,,,,,,,,,,,,,,,,,,,,
,21926,Managing Culture and Change,6,,,,,,,,,,,,,,,,,,,,,,,,,,,,,,,
,21929,Positive Psychology and the Self,6,,,,,,,,,,,,,,,,,,,,,,,,,,,,,,,
,21930,Principles of Event Marketing,6,,,,,,,,,,,,,,,,,,,,,,,,,,,,,,,
,21935,Sport Globalisation,6,,,,,,,,,,,,,,,,,,,,,,,,,,,,,,,
,21936,Event Management,6,,,,,,,,,,,,,,,,,,,,,,,,,,,,,,,
,21939,Event Creation Workshop,6,,,,,,,,,,,,,,,,,,,,,,,,,,,,,,,
,21946,Supply Chain Management Analytics,6,,,,,,,,,,,,,,,,,,,,,,,,,,,,,,,
,21947,Supply Chain Risk Management,6,,,,,,,,,,,,,,,,,,,,,,,,,,,,,,,
,21948,Advanced Quality Management,6,,,,,,,,,,,,,,,,,,,,,,,,,,,,,,,
,21952,Sport Development,6,,,,,,,,,,,,,,,,,,,,,,,,,,,,,,,
,21953,Decision Making Under Uncertainty,3,,,,,,,,,,,,,,,,,,,,,,,,,,,,,,,
,21954,Sustainable Enterprise in Dynamic Systems,3,,,,,,,,,,,,,,,,,,,,,,,,,,,,,,,
,21955,Innovative Strategies,3,,,,,,,,,,,,,,,,,,,,,,,,,,,,,,,
,21958,Managing Technological Disruptions,3,,,,,,,,,,,,,,,,,,,,,,,,,,,,,,,
,21960,People and the Future of Work,3,,,,,,,,,,,,,,,,,,,,,,,,,,,,,,,
,21961,Transition Management,3,,,,,,,,,,,,,,,,,,,,,,,,,,,,,,,
,22708,Accounting Information Systems,6,,,,,,,,,,,,,,,,,,,,,,,,,,,,,,,
,22759,Accounting and ERP,6,,,,,,,,,,,,,,,,,,,,,,,,,,,,,,,
,22787,Business Project Management,6,,,,,,,,,,,,,,,,,,,,,,,,,,,,,,,
,22788,Accounting Practices and Tools,3,,,,,,,,,,,,,,,,,,,,,,,,,,,,,,,
,22799,Forensic Accounting,6,,,,,,,,,,,,,,,,,,,,,,,,,,,,,,,
,23707,"Philosophy, Politics and Economics",3,,,,,,,,,,,,,,,,,,,,,,,,,,,,,,,
,24706,Strategic Services Marketing,6,,,,,,,,,,,,,,,,,,,,,,,,,,,,,,,
,24707,Strategic Business Marketing,6,,,,,,,,,,,,,,,,,,,,,,,,,,,,,,,
,24710,Buyer Behaviour,6,,,,,,,,,,,,,,,,,,,,,,,,,,,,,,,
,24713,Marketing Channel Management in a Digital World,6,,,,,,,,,,,,,,,,,,,,,,,,,,,,,,,
,24720,Introduction to Marketing Research,6,,,,,,,,,,,,,,,,,,,,,,,,,,,,,,,
,24729,Digital Marketing for Managers,6,,,,,,,,,,,,,,,,,,,,,,,,,,,,,,,
,24730,Marketing Strategy,6,,,,,,,,,,,,,,,,,,,,,,,,,,,,,,,
,24734,Marketing Management,6,,,,,,,,,,,,,,,,,,,,,,,,,,,,,,,
,24736,Marketing Communications,6,,,,,,,,,,,,,,,,,,,,,,,,,,,,,,,
,24738,Strategic International Marketing,6,,,,,,,,,,,,,,,,,,,,,,,,,,,,,,,
,24742,Product Innovation Management,6,,,,,,,,,,,,,,,,,,,,,,,,,,,,,,,
,24748,Delivering Customer Value,3,,,,,,,,,,,,,,,,,,,,,,,,,,,,,,,
,24749,Entrepreneurial Marketing Management,6,,,,,,,,,,,,,,,,,,,,,,,,,,,,,,,
,24750,Marketing Analytics,6,,,,,,,,,,,,,,,,,,,,,,,,,,,,,,,
,24752,Brand Management,6,,,,,,,,,,,,,,,,,,,,,,,,,,,,,,,
,24757,Marketing Data Analysis,6,,,,,,,,,,,,,,,,,,,,,,,,,,,,,,,
,24760,Pricing and Revenue Management,6,,,,,,,,,,,,,,,,,,,,,,,,,,,,,,,
,24983,"Start-up Data, Marketing and Sales",6,,,,,,,,,,,,,,,,,,,,,,,,,,,,,,,
,25705,Financial Modelling and Analysis,6,,,,,,,,,,,,,,,,,,,,,,,,,,,,,,,
,25720,Applied Financial Management,3,,,,,,,,,,,,,,,,,,,,,,,,,,,,,,,
,25721,Investment Management,6,,,,,,,,,,,,,,,,,,,,,,,,,,,,,,,
,25741,Capital Markets,6,,,,,,,,,,,,,,,,,,,,,,,,,,,,,,,
,25742,Financial Management,6,,,,,,,,,,,,,,,,,,,,,,,,,,,,,,,
,25765,Corporate Finance,6,,,,,,,,,,,,,,,,,,,,,,,,,,,,,,,
,32003,Computer Game Design,6,,,,,,,,,,,,,,,,,,,,,,,,,,,,,,,
,32004,Game Development,6,,,,,,,,,,,,,,,,,,,,,,,,,,,,,,,
,32005,Strategic Leadership for Innovation,6,,,,,,,,,,,,,,,,,,,,,,,,,,,,,,,
,32009,Advanced Routing Principles,6,,,,,,,,,,,,,,,,,,,,,,,,,,,,,,,
,32009,Advanced Routing Principles,6,,,,,,,,,,,,,,,,,,,,,,,,,,,,,,,
,32011,Multilayer Switched Networks,6,,,,,,,,,,,,,,,,,,,,,,,,,,,,,,,
,32027,Interactive Media,6,,,,,,,,,,,,,,,,,,,,,,,,,,,,,,,
,32040,Industry Project,6,,,,,,,,,,,,,,,,,,,,,,,,,,,,,,,
,32113,Advanced Database,6,,,,,,,,,,,,,,,,,,,,,,,,,,,,,,,
,32118,Mobile Communications and Computing,6,,,,,,,,,,,,,,,,,,,,,,,,,,,,,,,
,32130,Fundamentals of Data Analytics,6,,,,,,,,,,,,,,,,,,,,,,,,,,,,,,,
,32144,Technology Research Preparation,6,,,,,,,,,,,,,,,,,,,,,,,,,,,,,,,
,32146,Data Visualisation and Visual Analytics,6,,,,,,,,,,,,,,,,,,,,,,,,,,,,,,,
,32208,Information Systems Strategy,6,,,,,,,,,,,,,,,,,,,,,,,,,,,,,,,
,32309,Digital Forensics,6,,,,,,,,,,,,,,,,,,,,,,,,,,,,,,,
,32310,Network Security Appliances,6,,,,,,,,,,,,,,,,,,,,,,,,,,,,,,,
,32405,Human-centred Design Methods,6,,,,,,,,,,,,,,,,,,,,,,,,,,,,,,,
,32501,Computer Graphics,6,,,,,,,,,,,,,,,,,,,,,,,,,,,,,,,
,32509,Advanced Interaction Design,6,,,,,,,,,,,,,,,,,,,,,,,,,,,,,,,
,32513,Advanced Data Analytics Algorithms,6,,,,,,,,,,,,,,,,,,,,,,,,,,,,,,,
,32516,Internet Programming,6,,,,,,,,,,,,,,,,,,,,,,,,,,,,,,,
,32520,Systems Administration,6,,,,,,,,,,,,,,,,,,,,,,,,,,,,,,,
,32524,LANS and Routing,6,,,,,,,,,,,,,,,,,,,,,,,,,,,,,,,
,32528,Network Management,6,,,,,,,,,,,,,,,,,,,,,,,,,,,,,,,
,32531,Global Information Systems,6,,,,,,,,,,,,,,,,,,,,,,,,,,,,,,,
,32541,Project Management,6,,,,,,,,,,,,,,,,,,,,,,,,,,,,,,,
,32543,3D Animation,6,,,,,,,,,,,,,,,,,,,,,,,,,,,,,,,
,32547,UNIX Systems Programming,6,,,,,,,,,,,,,,,,,,,,,,,,,,,,,,,
,32548,Cybersecurity,6,,,,,,,,,,,,,,,,,,,,,,,,,,,,,,,
,32549,Advanced Internet Programming,6,,,,,,,,,,,,,,,,,,,,,,,,,,,,,,,
,32553,Leadership and People Management,6,,,,,,,,,,,,,,,,,,,,,,,,,,,,,,,
,32555,Fundamentals of Software Development,6,,,,,,,,,,,,,,,,,,,,,,,,,,,,,,,
,32557,Enabling Enterprise Information Systems,6,,,,,,,,,,,,,,,,,,,,,,,,,,,,,,,
,32558,Business Intelligence,6,,,,,,,,,,,,,,,,,,,,,,,,,,,,,,,
,32559,Business Systems Design,6,,,,,,,,,,,,,,,,,,,,,,,,,,,,,,,
,32560,Information Systems Architecture Design,6,,,,,,,,,,,,,,,,,,,,,,,,,,,,,,,
,32563,IT Professional and Society,6,,,,,,,,,,,,,,,,,,,,,,,,,,,,,,,
,32567,Business Intelligence for Decision Support,6,,,,,,,,,,,,,,,,,,,,,,,,,,,,,,,
,32569,Enterprise Business Requirements,6,,,,,,,,,,,,,,,,,,,,,,,,,,,,,,,
,32570,Enterprise Architecture Practice,6,,,,,,,,,,,,,,,,,,,,,,,,,,,,,,,
,32571,Enterprise Software Testing,6,,,,,,,,,,,,,,,,,,,,,,,,,,,,,,,
,32601,Advanced Project Management,6,,,,,,,,,,,,,,,,,,,,,,,,,,,,,,,
,32603,Systems Quality Management,6,,,,,,,,,,,,,,,,,,,,,,,,,,,,,,,
,32606,Database,6,,,,,,,,,,,,,,,,,,,,,,,,,,,,,,,
,32931,Technology Research Methods,6,,,,,,,,,,,,,,,,,,,,,,,,,,,,,,,
,32933,Research Project,6,,,,,,,,,,,,,,,,,,,,,,,,,,,,,,,
,32934,Research Project,12,,,,,,,,,,,,,,,,,,,,,,,,,,,,,,,
,32990,IT Contracts and Outsourcing,6,,,,,,,,,,,,,,,,,,,,,,,,,,,,,,,
,32998, .NET Application Development,6,,,,,,,,,,,,,,,,,,,,,,,,,,,,,,,
,42001,Bioinformatics,6,,,,,,,,,,,,,,,,,,,,,,,,,,,,,,,
,42003,Engineering Graduate Project,6,,,,,,,,,,,,,,,,,,,,,,,,,,,,,,,
,42011,Industrial Water Pollution Control Engineering,6,,,,,,,,,,,,,,,,,,,,,,,,,,,,,,,
,42012,Green Technologies: Water-Waste-Energy Nexus,6,,,,,,,,,,,,,,,,,,,,,,,,,,,,,,,
,42017,Fundamentals of Interaction Design,6,,,,,,,,,,,,,,,,,,,,,,,,,,,,,,,
,42020,Structural Design for Blast Loads,6,,,,,,,,,,,,,,,,,,,,,,,,,,,,,,,
,42026,Biomedical Polymers,6,,,,,,,,,,,,,,,,,,,,,,,,,,,,,,,
,42027,Software Defined Networks,6,,,,,,,,,,,,,,,,,,,,,,,,,,,,,,,
,42027,Software Defined Networks,6,,,,,,,,,,,,,,,,,,,,,,,,,,,,,,,
,42028,Deep Learning and Convolutional Neural Network,6,,,,,,,,,,,,,,,,,,,,,,,,,,,,,,,
,42030,Technology Disruptors Studio,6,,,,,,,,,,,,,,,,,,,,,,,,,,,,,,,
,42035,Cloud Security,6,,,,,,,,,,,,,,,,,,,,,,,,,,,,,,,
,42036,Cyber Security for Mobile Platforms,6,,,,,,,,,,,,,,,,,,,,,,,,,,,,,,,
,42037,IoT Security,6,,,,,,,,,,,,,,,,,,,,,,,,,,,,,,,
,42038,Fundamentals of Database and Software Development,6,,,,,,,,,,,,,,,,,,,,,,,,,,,,,,,
,42039,Global Technology Issues Studio,6,,,,,,,,,,,,,,,,,,,,,,,,,,,,,,,
,42040,Prototyping Design and Systems Studio,6,,,,,,,,,,,,,,,,,,,,,,,,,,,,,,,
,42043,Robotics Studio 1,12,,,,,,,,,,,,,,,,,,,,,,,,,,,,,,,
,42044,Robotics Studio 2,12,,,,,,,,,,,,,,,,,,,,,,,,,,,,,,,
,42045,Robotics Studio 3,12,,,,,,,,,,,,,,,,,,,,,,,,,,,,,,,
,42056,Games Research Project,6,,,,,,,,,,,,,,,,,,,,,,,,,,,,,,,
,42058,Telecommunications and Electronics Studio,6,,,,,,,,,,,,,,,,,,,,,,,,,,,,,,,
,42060,Biomedical Industry Frameworks,6,,,,,,,,,,,,,,,,,,,,,,,,,,,,,,,
,42070,Prototyping Physical Interaction,6,,,,,,,,,,,,,,,,,,,,,,,,,,,,,,,
,42070,Prototyping Physical Interaction,6,,,,,,,,,,,,,,,,,,,,,,,,,,,,,,,
,42071, Graduate Research Project (24cp in one session),24,,,,,,,,,,,,,,,,,,,,,,,,,,,,,,,
,42072,Graduate Research Project (12cp in one session),12,,,,,,,,,,,,,,,,,,,,,,,,,,,,,,,
,42073,Graduate Research Project 24cp (Part 1 of 2) (2 x 12cp),12,,,,,,,,,,,,,,,,,,,,,,,,,,,,,,,
,42074,Graduate Research Project 24cp (Part 2 of 2) (2 x 12cp),12,,,,,,,,,,,,,,,,,,,,,,,,,,,,,,,
,42075,Game Design Studio,6,,,,,,,,,,,,,,,,,,,,,,,,,,,,,,,
,42077,Short Course Module A,3,,,,,,,,,,,,,,,,,,,,,,,,,,,,,,,
,42078,Short Course Module B,3,,,,,,,,,,,,,,,,,,,,,,,,,,,,,,,
,42079,Innovation Studio,24,,,,,,,,,,,,,,,,,,,,,,,,,,,,,,,
,42080,Fundamentals of Information Systems,6,,,,,,,,,,,,,,,,,,,,,,,,,,,,,,,
,42081,Complex Data Analysis and Design,6,,,,,,,,,,,,,,,,,,,,,,,,,,,,,,,
,42082,Introduction to Complex Systems,6,,,,,,,,,,,,,,,,,,,,,,,,,,,,,,,
,42083,Studio 1 Project,6,,,,,,,,,,,,,,,,,,,,,,,,,,,,,,,
,42084,Studio 2 Project,6,,,,,,,,,,,,,,,,,,,,,,,,,,,,,,,
,42085,Modelling for Complex Systems,6,,,,,,,,,,,,,,,,,,,,,,,,,,,,,,,
,42086,Business Process Management for Digital Transformation,6,,,,,,,,,,,,,,,,,,,,,,,,,,,,,,,
,42087,Systems Development Methodologies,6,,,,,,,,,,,,,,,,,,,,,,,,,,,,,,,
,42088,IS Graduate Project (Part 1 of 2),6,,,,,,,,,,,,,,,,,,,,,,,,,,,,,,,
,42089,IS Graduate Project (Part 2 of 2),6,,,,,,,,,,,,,,,,,,,,,,,,,,,,,,,
,42090,Introduction to Sustainable Microgrids,6,,,,,,,,,,,,,,,,,,,,,,,,,,,,,,,
,42091,Advanced Energy Conversion Systems,6,,,,,,,,,,,,,,,,,,,,,,,,,,,,,,,
,42092,Advanced Power Electronics,6,,,,,,,,,,,,,,,,,,,,,,,,,,,,,,,
,42093,Electrical Power and Energy Systems Studio A,6,,,,,,,,,,,,,,,,,,,,,,,,,,,,,,,
,42094,Electrical Power and Energy Systems Studio B,6,,,,,,,,,,,,,,,,,,,,,,,,,,,,,,,
,42282,IT Graduate Project 24cp (Part 1 of 2) (2x12cp),12,,,,,,,,,,,,,,,,,,,,,,,,,,,,,,,
,42283,IT Graduate Project 24cp (Part 2 of 2) (2x12cp),12,,,,,,,,,,,,,,,,,,,,,,,,,,,,,,,
,42284,IT Graduate Project 36cp (Part 1 of 2) (2x18cp),18,,,,,,,,,,,,,,,,,,,,,,,,,,,,,,,
,42285,IT Graduate Project 36cp (Part 2 of 2) (2x18cp),18,,,,,,,,,,,,,,,,,,,,,,,,,,,,,,,
,42286,IT Graduate Project (24cp in one session),24,,,,,,,,,,,,,,,,,,,,,,,,,,,,,,,
,42701,Global Issues Studio,6,,,,,,,,,,,,,,,,,,,,,,,,,,,,,,,
,42702,Innovation and Entrepreneurship Studio,6,,,,,,,,,,,,,,,,,,,,,,,,,,,,,,,
,42703,Human-centred Design and Systems Studio,6,,,,,,,,,,,,,,,,,,,,,,,,,,,,,,,
,42704,Capstone Studio,6,,,,,,,,,,,,,,,,,,,,,,,,,,,,,,,
,42709,Adaptive Leadership Studio,12,,,,,,,,,,,,,,,,,,,,,,,,,,,,,,,
,42710,Complexity and Uncertainty,3,,,,,,,,,,,,,,,,,,,,,,,,,,,,,,,
,42711,Data Driven Decision Making,3,,,,,,,,,,,,,,,,,,,,,,,,,,,,,,,
,42712,Global Negotiations,3,,,,,,,,,,,,,,,,,,,,,,,,,,,,,,,
,42713,Leading Change and People,3,,,,,,,,,,,,,,,,,,,,,,,,,,,,,,,
,42714,Organisational Leadership,3,,,,,,,,,,,,,,,,,,,,,,,,,,,,,,,
,42715,Sustainable Judgements,3,,,,,,,,,,,,,,,,,,,,,,,,,,,,,,,
,42716,System Thinking,3,,,,,,,,,,,,,,,,,,,,,,,,,,,,,,,
,42717,Additive Manufacturing,6,,,,,,,,,,,,,,,,,,,,,,,,,,,,,,,
,42718,Advanced Manufacturing,6,,,,,,,,,,,,,,,,,,,,,,,,,,,,,,,
,42719,Industry 4.0 Principles,6,,,,,,,,,,,,,,,,,,,,,,,,,,,,,,,
,42720,Industry 4.0 Road Map,6,,,,,,,,,,,,,,,,,,,,,,,,,,,,,,,
,42721,Introduction to Biomedical Engineering,6,,,,,,,,,,,,,,,,,,,,,,,,,,,,,,,
,42722,Additive Manufacturing for Medical Innovations,6,,,,,,,,,,,,,,,,,,,,,,,,,,,,,,,
,42724,Microfluidics in Biology and Medicine,6,,,,,,,,,,,,,,,,,,,,,,,,,,,,,,,
,42743,Healthomics and Molecular Diagnostics,6,,,,,,,,,,,,,,,,,,,,,,,,,,,,,,,
,42820,Machine Learning Foundations,2,,,,,,,,,,,,,,,,,,,,,,,,,,,,,,,
,42821,Data Analytics Foundations,2,,,,,,,,,,,,,,,,,,,,,,,,,,,,,,,
,42822,Advanced Data Analytics,2,,,,,,,,,,,,,,,,,,,,,,,,,,,,,,,
,42823,Applied Data Analytics,2,,,,,,,,,,,,,,,,,,,,,,,,,,,,,,,
,42824,Environmental Noise and Planning,3,,,,,,,,,,,,,,,,,,,,,,,,,,,,,,,
,42825,Inventive Problem-Solving with TRIZ,3,,,,,,,,,,,,,,,,,,,,,,,,,,,,,,,
,42826,Introduction to Complex Systems Modelling,3,,,,,,,,,,,,,,,,,,,,,,,,,,,,,,,
,42827,Introduction to Participatory Modelling,3,,,,,,,,,,,,,,,,,,,,,,,,,,,,,,,
,42828,Introduction to Agent Based Modelling,3,,,,,,,,,,,,,,,,,,,,,,,,,,,,,,,
,42889,iOS Application Development,6,,,,,,,,,,,,,,,,,,,,,,,,,,,,,,,
,42890,4G/5G Mobile Technologies,6,,,,,,,,,,,,,,,,,,,,,,,,,,,,,,,
,42891,Infrastructure for Cloud Computing,6,,,,,,,,,,,,,,,,,,,,,,,,,,,,,,,
,42900,Sustainability and Information Systems,6,,,,,,,,,,,,,,,,,,,,,,,,,,,,,,,
,42903,MPLS and Services Architecture,6,,,,,,,,,,,,,,,,,,,,,,,,,,,,,,,
,42904,Cloud Computing and Software as a Service,6,,,,,,,,,,,,,,,,,,,,,,,,,,,,,,,
,42905,Marketing Technology,6,,,,,,,,,,,,,,,,,,,,,,,,,,,,,,,
,42906,Biomedical Signal Processing,6,,,,,,,,,,,,,,,,,,,,,,,,,,,,,,,
,42907,Design for Durability,6,,,,,,,,,,,,,,,,,,,,,,,,,,,,,,,
,42908,Engineering Project Preparation,6,,,,,,,,,,,,,,,,,,,,,,,,,,,,,,,
,42909,The Connected Studio,24,,,,,,,,,,,,,,,,,,,,,,,,,,,,,,,
,42910,The Collaboration Studio,24,,,,,,,,,,,,,,,,,,,,,,,,,,,,,,,
,42911,The Challenge Studio,24,,,,,,,,,,,,,,,,,,,,,,,,,,,,,,,
,42912,Sustainable Energy Resources,6,,,,,,,,,,,,,,,,,,,,,,,,,,,,,,,
,42913,Social and Information Network Analysis,6,,,,,,,,,,,,,,,,,,,,,,,,,,,,,,,
,42991,Advanced Water and Wastewater Treatment,6,,,,,,,,,,,,,,,,,,,,,,,,,,,,,,,
,49001,Judgment and Decision Making,6,,,,,,,,,,,,,,,,,,,,,,,,,,,,,,,
,49002,Managing Projects,6,,,,,,,,,,,,,,,,,,,,,,,,,,,,,,,
,49003,Economic Evaluation,6,,,,,,,,,,,,,,,,,,,,,,,,,,,,,,,
,49004,Systems Engineering for Managers,6,,,,,,,,,,,,,,,,,,,,,,,,,,,,,,,
,49006,Risk Management in Engineering,6,,,,,,,,,,,,,,,,,,,,,,,,,,,,,,,
,49013,Managing Information Technology in Engineering,6,,,,,,,,,,,,,,,,,,,,,,,,,,,,,,,
,49016,Technology and Innovation Management,6,,,,,,,,,,,,,,,,,,,,,,,,,,,,,,,
,49021,Evaluation of Infrastructure Investments,6,,,,,,,,,,,,,,,,,,,,,,,,,,,,,,,
,49022,Energy Resources and Technology,6,,,,,,,,,,,,,,,,,,,,,,,,,,,,,,,
,49023,Energy and Environmental Economics,6,,,,,,,,,,,,,,,,,,,,,,,,,,,,,,,
,49024,Energy Modelling,6,,,,,,,,,,,,,,,,,,,,,,,,,,,,,,,
,49025,Methods for Energy Analysis,6,,,,,,,,,,,,,,,,,,,,,,,,,,,,,,,
,49026,Electricity Sector Planning and Restructuring,6,,,,,,,,,,,,,,,,,,,,,,,,,,,,,,,
,49027,Energy Demand Analysis and Forecasting,6,,,,,,,,,,,,,,,,,,,,,,,,,,,,,,,
,49028,Policy and Planning of Energy Conservation,6,,,,,,,,,,,,,,,,,,,,,,,,,,,,,,,
,49029,Environmental Policy for Energy Systems,6,,,,,,,,,,,,,,,,,,,,,,,,,,,,,,,
,49047, Finite Element Analysis,6,,,,,,,,,,,,,,,,,,,,,,,,,,,,,,,
,49048,Wireless Access Network Technologies,6,,,,,,,,,,,,,,,,,,,,,,,,,,,,,,,
,49049,Air and Noise Pollution,6,,,,,,,,,,,,,,,,,,,,,,,,,,,,,,,
,49069,Leadership and Responsibility,6,,,,,,,,,,,,,,,,,,,,,,,,,,,,,,,
,49098,Applied Financial Management,6,,,,,,,,,,,,,,,,,,,,,,,,,,,,,,,
,49102,Traffic and Transportation,6,,,,,,,,,,,,,,,,,,,,,,,,,,,,,,,
,49106,Road Engineering Practice,6,,,,,,,,,,,,,,,,,,,,,,,,,,,,,,,
,49107,Urban Stormwater Design,6,,,,,,,,,,,,,,,,,,,,,,,,,,,,,,,
,49115,Facade Engineering,6,,,,,,,,,,,,,,,,,,,,,,,,,,,,,,,
,49116,Contaminated Site and Waste Remediation,6,,,,,,,,,,,,,,,,,,,,,,,,,,,,,,,
,49117,Floodplain Risk Management,6,,,,,,,,,,,,,,,,,,,,,,,,,,,,,,,
,49118,Applied Geotechnics,6,,,,,,,,,,,,,,,,,,,,,,,,,,,,,,,
,49119,Problematic Soils and Ground Improvement Techniques,6,,,,,,,,,,,,,,,,,,,,,,,,,,,,,,,
,49122,Ecology and Sustainability,6,,,,,,,,,,,,,,,,,,,,,,,,,,,,,,,
,49123,Waste and Pollution Management,6,,,,,,,,,,,,,,,,,,,,,,,,,,,,,,,
,49125,Environmental Risk Assessment,6,,,,,,,,,,,,,,,,,,,,,,,,,,,,,,,
,49127,Decentralised Environmental Systems,6,,,,,,,,,,,,,,,,,,,,,,,,,,,,,,,
,49131,Bridge Design,6,,,,,,,,,,,,,,,,,,,,,,,,,,,,,,,
,49133,Steel and Composite Design,6,,,,,,,,,,,,,,,,,,,,,,,,,,,,,,,
,49134,Structural Dynamics and Earthquake Engineering,6,,,,,,,,,,,,,,,,,,,,,,,,,,,,,,,
,49136,Application of Timber in Engineering Structures,6,,,,,,,,,,,,,,,,,,,,,,,,,,,,,,,
,49150,Prestressed Concrete Design,6,,,,,,,,,,,,,,,,,,,,,,,,,,,,,,,
,49151,Concrete Technology and Practice,6,,,,,,,,,,,,,,,,,,,,,,,,,,,,,,,
,49202,Communication Protocols,6,,,,,,,,,,,,,,,,,,,,,,,,,,,,,,,
,49205,Transmission Systems,6,,,,,,,,,,,,,,,,,,,,,,,,,,,,,,,
,49215,Telecommunications Industry Management,6,,,,,,,,,,,,,,,,,,,,,,,,,,,,,,,
,49227,Wireless Sensor Networks,6,,,,,,,,,,,,,,,,,,,,,,,,,,,,,,,
,49254,Advanced Soil Mechanics and Foundation Design,6,,,,,,,,,,,,,,,,,,,,,,,,,,,,,,,
,49255,Catchment Modelling,6,,,,,,,,,,,,,,,,,,,,,,,,,,,,,,,
,49256,Flood Estimation,6,,,,,,,,,,,,,,,,,,,,,,,,,,,,,,,
,49257,Geographic Information Systems,6,,,,,,,,,,,,,,,,,,,,,,,,,,,,,,,
,49258,Pavement Analysis and Design,6,,,,,,,,,,,,,,,,,,,,,,,,,,,,,,,
,49261,Biomedical Instrumentation,6,,,,,,,,,,,,,,,,,,,,,,,,,,,,,,,
,49274,Advanced Robotics,6,,,,,,,,,,,,,,,,,,,,,,,,,,,,,,,
,49275,Neural Networks and Fuzzy Logic,6,,,,,,,,,,,,,,,,,,,,,,,,,,,,,,,
,49306,Quality and Operations Management Systems,6,,,,,,,,,,,,,,,,,,,,,,,,,,,,,,,
,49307,Internal Combustion Engines,6,,,,,,,,,,,,,,,,,,,,,,,,,,,,,,,
,49309,Quality Planning and Analysis,6,,,,,,,,,,,,,,,,,,,,,,,,,,,,,,,
,49312,Advanced Flow Modelling,6,,,,,,,,,,,,,,,,,,,,,,,,,,,,,,,
,49316,Materials Handling,6,,,,,,,,,,,,,,,,,,,,,,,,,,,,,,,
,49322,Airconditioning,6,,,,,,,,,,,,,,,,,,,,,,,,,,,,,,,
,49325,Computer-aided Mechanical Design,6,,,,,,,,,,,,,,,,,,,,,,,,,,,,,,,
,49328,Turbomachines,6,,,,,,,,,,,,,,,,,,,,,,,,,,,,,,,
,49329,Control of Mechatronic Systems,6,,,,,,,,,,,,,,,,,,,,,,,,,,,,,,,
,49680,Value Chain Engineering Systems,6,,,,,,,,,,,,,,,,,,,,,,,,,,,,,,,
,49706,Regulatory Economics,6,,,,,,,,,,,,,,,,,,,,,,,,,,,,,,,
,49928,Design Optimisation for Manufacturing,6,,,,,,,,,,,,,,,,,,,,,,,,,,,,,,,
,49989,Operations Engineering,6,,,,,,,,,,,,,,,,,,,,,,,,,,,,,,,
,57031,Creative Non-fiction,8,,,,,,,,,,,,,,,,,,,,,,,,,,,,,,,
,57046,Professional Editing,8,,,,,,,,,,,,,,,,,,,,,,,,,,,,,,,
,57053,Book Publishing and Marketing,8,,,,,,,,,,,,,,,,,,,,,,,,,,,,,,,
,57122,Short Fiction Workshop,8,,,,,,,,,,,,,,,,,,,,,,,,,,,,,,,
,57142,Writing for the Screen,8,,,,,,,,,,,,,,,,,,,,,,,,,,,,,,,
,57145,Reviewing Arts and Culture,8,,,,,,,,,,,,,,,,,,,,,,,,,,,,,,,
,57162,Memory and Life Writing,8,,,,,,,,,,,,,,,,,,,,,,,,,,,,,,,
,57210,Managing Public Communication,8,,,,,,,,,,,,,,,,,,,,,,,,,,,,,,,
,57214,Stakeholder Engagement,8,,,,,,,,,,,,,,,,,,,,,,,,,,,,,,,
,57215,Strategic Communication and Integration,8,,,,,,,,,,,,,,,,,,,,,,,,,,,,,,,
,60105,Ethics in Human Research,2,,,,,,,,,,,,,,,,,,,,,,,,,,,,,,,
,60106,Research Proposal Writing,2,,,,,,,,,,,,,,,,,,,,,,,,,,,,,,,
,60109,Professional Science Document Writing,2,,,,,,,,,,,,,,,,,,,,,,,,,,,,,,,
,60116,Risk Assessment and Management for Science,2,,,,,,,,,,,,,,,,,,,,,,,,,,,,,,,
,60117,Understanding Data and Statistical Design,6,,,,,,,,,,,,,,,,,,,,,,,,,,,,,,,
,60903,Project Management in Science,6,,,,,,,,,,,,,,,,,,,,,,,,,,,,,,,
,60904,"Innovation, Entrepreneurship and Commercialisation",6,,,,,,,,,,,,,,,,,,,,,,,,,,,,,,,
,68109,Advanced Communication Skills in Science,6,,,,,,,,,,,,,,,,,,,,,,,,,,,,,,,
,77716,International Trade Law,6,,,,,,,,,,,,,,,,,,,,,,,,,,,,,,,
,77745,Negotiation,6,,,,,,,,,,,,,,,,,,,,,,,,,,,,,,,
,77938,Introduction to Taxation Law,6,,,,,,,,,,,,,,,,,,,,,,,,,,,,,,,
,77942,Legal Aspects of Contracts Administration,6,,,,,,,,,,,,,,,,,,,,,,,,,,,,,,,
,77947,Companies and Securities Law,6,,,,,,,,,,,,,,,,,,,,,,,,,,,,,,,
,78113,Securities Regulation,6,,,,,,,,,,,,,,,,,,,,,,,,,,,,,,,
,78122,Corporate Insolvency,6,,,,,,,,,,,,,,,,,,,,,,,,,,,,,,,
,78126,Corporate Governance,6,,,,,,,,,,,,,,,,,,,,,,,,,,,,,,,
,78214,Finance Law,6,,,,,,,,,,,,,,,,,,,,,,,,,,,,,,,
,78244,Mergers and Acquisitions Law,6,,,,,,,,,,,,,,,,,,,,,,,,,,,,,,,
,78625,Commercial Contracts,6,,,,,,,,,,,,,,,,,,,,,,,,,,,,,,,
,79708,Contemporary Business Law,6,,,,,,,,,,,,,,,,,,,,,,,,,,,,,,,
,79771,Dispute Resolution,6,,,,,,,,,,,,,,,,,,,,,,,,,,,,,,,
,80110,Adaptive Robotic Fabrication for Building Design,3,,,,,,,,,,,,,,,,,,,,,,,,,,,,,,,
,80111,Advanced Digital Tools for Architectural Design and Structural Optimisation,3,,,,,,,,,,,,,,,,,,,,,,,,,,,,,,,
,80112,Advanced Digital Tools for City Design,3,,,,,,,,,,,,,,,,,,,,,,,,,,,,,,,
,80113,Advanced Virtual Reality for Architectural Design,3,,,,,,,,,,,,,,,,,,,,,,,,,,,,,,,
,80114,Architectural Lighting Design,3,,,,,,,,,,,,,,,,,,,,,,,,,,,,,,,
,80115,Introduction to Drones for Built Environment Professionals,3,,,,,,,,,,,,,,,,,,,,,,,,,,,,,,,
,80116,Open-source GIS for Landscape and Architecture Offices,3,,,,,,,,,,,,,,,,,,,,,,,,,,,,,,,
,80117,Real-time Visualisation for Architectural Design,3,,,,,,,,,,,,,,,,,,,,,,,,,,,,,,,
,80118,Robotic 3D Printing for Architectural and Structural Performance,3,,,,,,,,,,,,,,,,,,,,,,,,,,,,,,,
,80119,Urban Analytics and Digital Representation,3,,,,,,,,,,,,,,,,,,,,,,,,,,,,,,,
,91132,Molecular Biology 1,6,,,,,,,,,,,,,,,,,,,,,,,,,,,,,,,
,91132,Molecular Biology 1,6,,,,,,,,,,,,,,,,,,,,,,,,,,,,,,,
,95563,Storytelling and Sense-making Studio,6,,,,,,,,,,,,,,,,,,,,,,,,,,,,,,,
,95564,Digital Media Technologies,6,,,,,,,,,,,,,,,,,,,,,,,,,,,,,,,
,95566,Digital Experience Design,6,,,,,,,,,,,,,,,,,,,,,,,,,,,,,,,
,95569,Digital Media Studio,12,,,,,,,,,,,,,,,,,,,,,,,,,,,,,,,
,97101,Chinese Language and Culture 1,8,,,,,,,,,,,,,,,,,,,,,,,,,,,,,,,
,97102,Chinese Language and Culture 2,8,,,,,,,,,,,,,,,,,,,,,,,,,,,,,,,
,97103,Chinese Language and Culture 3,8,,,,,,,,,,,,,,,,,,,,,,,,,,,,,,,
,97104,Chinese Language and Culture 4,8,,,,,,,,,,,,,,,,,,,,,,,,,,,,,,,
,97105,Chinese Language and Culture 5,8,,,,,,,,,,,,,,,,,,,,,,,,,,,,,,,
,97106,Chinese Language and Culture 6,8,,,,,,,,,,,,,,,,,,,,,,,,,,,,,,,
,97109,Chinese Mass Media,8,,,,,,,,,,,,,,,,,,,,,,,,,,,,,,,
,97110,Twentieth Century Chinese Fiction,8,,,,,,,,,,,,,,,,,,,,,,,,,,,,,,,
,97111,Chinese Festivals and Ceremonies,8,,,,,,,,,,,,,,,,,,,,,,,,,,,,,,,
,97112,Chinese Film,8,,,,,,,,,,,,,,,,,,,,,,,,,,,,,,,
,97113,Chinese Culture and Heritage,8,,,,,,,,,,,,,,,,,,,,,,,,,,,,,,,
,97114,Developing Chinese Reading and Writing Skills 1,8,,,,,,,,,,,,,,,,,,,,,,,,,,,,,,,
,97115,Developing Chinese Reading and Writing Skills 2,8,,,,,,,,,,,,,,,,,,,,,,,,,,,,,,,
,97201,Japanese Language and Culture 1,8,,,,,,,,,,,,,,,,,,,,,,,,,,,,,,,
,97202,Japanese Language and Culture 2,8,,,,,,,,,,,,,,,,,,,,,,,,,,,,,,,
,97203,Japanese Language and Culture 3,8,,,,,,,,,,,,,,,,,,,,,,,,,,,,,,,
,97204,Japanese Language and Culture 4,8,,,,,,,,,,,,,,,,,,,,,,,,,,,,,,,
,97205,Japanese Language and Culture 5,8,,,,,,,,,,,,,,,,,,,,,,,,,,,,,,,
,97206,Japanese Language and Culture 6,8,,,,,,,,,,,,,,,,,,,,,,,,,,,,,,,
,97207,Japanese Films and Popular Culture,8,,,,,,,,,,,,,,,,,,,,,,,,,,,,,,,
,97208,Japanese Language and Identity,8,,,,,,,,,,,,,,,,,,,,,,,,,,,,,,,
,97209,Japanese Media and Current Issues,8,,,,,,,,,,,,,,,,,,,,,,,,,,,,,,,
,97210,Transcultural Communication in Japanese,8,,,,,,,,,,,,,,,,,,,,,,,,,,,,,,,
,97401,French Language and Culture 1,8,,,,,,,,,,,,,,,,,,,,,,,,,,,,,,,
,97402,French Language and Culture 2,8,,,,,,,,,,,,,,,,,,,,,,,,,,,,,,,
,97403,French Language and Culture 3,8,,,,,,,,,,,,,,,,,,,,,,,,,,,,,,,
,97404,French Language and Culture 4,8,,,,,,,,,,,,,,,,,,,,,,,,,,,,,,,
,97405,French Language and Culture 5,8,,,,,,,,,,,,,,,,,,,,,,,,,,,,,,,
,97406,French Language and Culture 6,8,,,,,,,,,,,,,,,,,,,,,,,,,,,,,,,
,97407,Francophone Identities in Conflict,8,,,,,,,,,,,,,,,,,,,,,,,,,,,,,,,
,97408,Show and Tell: Francophone Cultures on Display,8,,,,,,,,,,,,,,,,,,,,,,,,,,,,,,,
,97409,Francophone Cultures of Consumption,8,,,,,,,,,,,,,,,,,,,,,,,,,,,,,,,
,97410,Places and Spaces of the Francophone World,8,,,,,,,,,,,,,,,,,,,,,,,,,,,,,,,
,97501,Spanish Language and Culture 1,8,,,,,,,,,,,,,,,,,,,,,,,,,,,,,,,
,97502,Spanish Language and Culture 2,8,,,,,,,,,,,,,,,,,,,,,,,,,,,,,,,
,97503,Spanish Language and Culture 3,8,,,,,,,,,,,,,,,,,,,,,,,,,,,,,,,
,97504,Spanish Language and Culture 4,8,,,,,,,,,,,,,,,,,,,,,,,,,,,,,,,
,97505,Spanish Language and Culture 5,8,,,,,,,,,,,,,,,,,,,,,,,,,,,,,,,
,97506,Spanish Language and Culture 6,8,,,,,,,,,,,,,,,,,,,,,,,,,,,,,,,
,97507,Human Rights in Hispanophone Societies,8,,,,,,,,,,,,,,,,,,,,,,,,,,,,,,,
,97508,US Latin American Relations,8,,,,,,,,,,,,,,,,,,,,,,,,,,,,,,,
,97509,Innocence and Experience in Hispanophone Societies,8,,,,,,,,,,,,,,,,,,,,,,,,,,,,,,,
,97510,Diaspora of the Hispanic Imagination,8,,,,,,,,,,,,,,,,,,,,,,,,,,,,,,,
,97601,German Language and Culture 1,8,,,,,,,,,,,,,,,,,,,,,,,,,,,,,,,
,97602,German Language and Culture 2,8,,,,,,,,,,,,,,,,,,,,,,,,,,,,,,,
,97603,German Language and Culture 3,8,,,,,,,,,,,,,,,,,,,,,,,,,,,,,,,
,97604,German Language and Culture 4,8,,,,,,,,,,,,,,,,,,,,,,,,,,,,,,,
,97605,German Today,8,,,,,,,,,,,,,,,,,,,,,,,,,,,,,,,
,97606,German Literature,8,,,,,,,,,,,,,,,,,,,,,,,,,,,,,,,
,97607,German Film,8,,,,,,,,,,,,,,,,,,,,,,,,,,,,,,,
,97608,German Popular Music,8,,,,,,,,,,,,,,,,,,,,,,,,,,,,,,,
,97801,Italian Language and Culture 1,8,,,,,,,,,,,,,,,,,,,,,,,,,,,,,,,
,97802,Italian Language and Culture 2,8,,,,,,,,,,,,,,,,,,,,,,,,,,,,,,,
,97803,Italian Language and Culture 3,8,,,,,,,,,,,,,,,,,,,,,,,,,,,,,,,
,97804,Italian Language and Culture 4,8,,,,,,,,,,,,,,,,,,,,,,,,,,,,,,,
,97805,Italy and Migration,8,,,,,,,,,,,,,,,,,,,,,,,,,,,,,,,
,97806,Italian Popular Culture,8,,,,,,,,,,,,,,,,,,,,,,,,,,,,,,,
,97807,Italophone Literature(s),8,,,,,,,,,,,,,,,,,,,,,,,,,,,,,,,
,97808,Italian Language and the Arts,8,,,,,,,,,,,,,,,,,,,,,,,,,,,,,,,
,99021,International Exchange Subject 1,6,,,,,,,,,,,,,,,,,,,,,,,,,,,,,,,
,99022,International Exchange Subject 2,6,,,,,,,,,,,,,,,,,,,,,,,,,,,,,,,
,99023,International Exchange Subject 3,6,,,,,,,,,,,,,,,,,,,,,,,,,,,,,,,
,99024,International Exchange Subject 4,6,,,,,,,,,,,,,,,,,,,,,,,,,,,,,,,
